SALE TYPE,SOLD DATE,PROPERTY TYPE,ADDRESS,CITY,STATE OR PROVINCE,ZIP OR POSTAL CODE,PRICE,BEDS,BATHS,LOCATION,SQUARE FEET,LOT SIZE,YEAR BUILT,DAYS ON MARKET,$/SQUARE FEET,HOA/MONTH,STATUS,NEXT OPEN HOUSE START TIME,NEXT OPEN HOUSE END TIME,URL (SEE https://www.redfin.com/buy-a-home/comparative-market-analysis FOR INFO ON PRICING),SOURCE,MLS#,FAVORITE,INTERESTED,LATITUDE,LONGITUDE
MLS Listing,,Vacant Land,5611 Battee Dr,Churchton,MD,20733,75000,,,FRANKLIN MANOR BEACH,,9873,,790,,,Active,,,https://www.redfin.com/MD/Churchton/5611-Battee-Dr-20733/home/10466111,BRIGHT MLS,MDAA468844,N,Y,38.8012423,-76.5272696
MLS Listing,,Vacant Land,1236 Creek Dr,Annapolis,MD,21403,80000,,,OYSTER HARBOR,,11875,,102,,,Active,,,https://www.redfin.com/MD/Annapolis/1236-Creek-Dr-21403/home/10038620,BRIGHT MLS,MDAA2057118,N,Y,38.924553,-76.472465
MLS Listing,,Vacant Land,5277 Cedar St,West River,MD,20778,80000,,,REGULARS,,44431,,27,,,Active,,,https://www.redfin.com/MD/West-River/5277-Cedar-St-20778/home/10461318,BRIGHT MLS,MDAA2062854,N,Y,38.815988,-76.543634
MLS Listing,,Single Family Residential,197 B Ct,Lothian,MD,20711,80000,2,1.0,LYONS CREEK MOBILE ESTATES,900,2000,1975,46,89,,Active,,,https://www.redfin.com/MD/Lothian/197-B-Ct-20711/home/185587988,BRIGHT MLS,MDAA2061646,N,Y,38.7646538,-76.6680497
MLS Listing,,Vacant Land,Birch Ave,Glen Burnie,MD,21061,90000,,,GARLAND PARK,,17400,,573,,,Active,,,https://www.redfin.com/MD/Glen-Burnie/Birch-Ave-21061/home/10411464,BRIGHT MLS,MDAA2017884,N,Y,39.18976,-76.651205
MLS Listing,,Vacant Land,1012 Carrs Rd,Annapolis,MD,21403,98000,,,Annapolis,,6850,,860,,,Active,,,https://www.redfin.com/MD/Annapolis/1012-Carrs-Rd-21403/home/9951504,BRIGHT MLS,MDAA455886,N,Y,38.953863,-76.47965
MLS Listing,,Vacant Land,Lot 0 Nabbs Creek Rd,Glen Burnie,MD,21060,99000,,,VIEW POINT PARK,,7050,,1239,,,Active,,,https://www.redfin.com/MD/Glen-Burnie/Lot-0-Nabbs-Creek-Rd-21060/home/170666030,BRIGHT MLS,MDAA426722,N,Y,39.16016139,-76.5360749
MLS Listing,,Vacant Land,7348 Dotson Ln,Glen Burnie,MD,21060,99000,,,REGULARS,,26571,,175,,,Active,,,https://www.redfin.com/MD/Glen-Burnie/7348-Dotson-Ln-21060/home/10387501,BRIGHT MLS,MDAA2052376,N,Y,39.169271,-76.607588
MLS Listing,,Vacant Land,Ridgeway Cir,Arnold,MD,21012,99900,,,PINES ON SEVERN,,11122,,12,,,Active,,,https://www.redfin.com/MD/Arnold/Ridgeway-Cir-21012/home/10272645,BRIGHT MLS,MDAA2064062,N,Y,39.022738,-76.50864
MLS Listing,,Vacant Land,8042 Forest Glen Dr,Pasadena,MD,21122,99900,,,FOREST GLEN,,7950,,180,,,Active,,,https://www.redfin.com/MD/Lake-Shore/8042-Forest-Glen-Dr-21122/home/183856164,BRIGHT MLS,MDAA2051760,N,Y,39.124843,-76.4709265
MLS Listing,,Single Family Residential,490 Patuxent Rd N #58,Odenton,MD,21113,99999,3,2.0,ARUNDEL MOBILE VILLAGE,1152,,2005,22,87,,Active,,,https://www.redfin.com/MD/Odenton/490-N-Patuxent-Rd-21113/unit-58/home/185911360,BRIGHT MLS,MDAA2063052,N,Y,39.0798401,-76.7082293
MLS Listing,,Vacant Land,2486 Lee St,Gambrills,MD,21054,100000,,,LOUIS L LEE SUB,,4965,,148,,,Active,,,https://www.redfin.com/MD/Gambrills/2486-Lee-St-21054/home/143789661,BRIGHT MLS,MDAA2054066,N,Y,39.023944,-76.6895
MLS Listing,,Vacant Land,1227 Creek Dr,Annapolis,MD,21403,100000,,,OYSTER HARBOR,,17786,,12,,0,Active,,,https://www.redfin.com/MD/Annapolis/1227-Creek-Dr-21403/home/10038643,BRIGHT MLS,MDAA2064060,N,Y,38.924113,-76.473007
MLS Listing,,Vacant Land,Lot 8A Block 51 Winged Foot Dr,Billings,MT,59105,101900,,,Lake Hills Subd 21st Filing,,11678,,224,,,Active,,,https://www.redfin.com/MT/Billings/Lot-8A-Block-51-Winged-Foot-Dr-59105/home/183190375,BMTMLS,317126,N,Y,39.135983,-76.48774
MLS Listing,,Vacant Land,Lot 8B Block 51 Winged Foot Dr,Billings,MT,59105,101900,,,Lake Hills Subd 21st Filing,,10517,,224,,,Active,,,https://www.redfin.com/MT/Billings/Lot-8B-Block-51-Winged-Foot-Dr-59105/home/183189577,BMTMLS,317146,N,Y,39.135983,-76.48774
MLS Listing,,Vacant Land,801 Cedar Ave,North Beach,MD,20714,109000,,,NORTH BEACH PARK,,37500,,1913,,,Active,,,https://www.redfin.com/MD/North-Beach/801-Cedar-Ave-20714/home/10469712,BRIGHT MLS,1000408892,N,Y,38.7159546,-76.5305559
MLS Listing,,Vacant Land,700 Maple Ave,North Beach,MD,20714,110000,,,NORTH BEACH PARK,,12000,,148,,,Active,,,https://www.redfin.com/MD/North-Beach/700-Maple-Ave-20714/home/10469562,BRIGHT MLS,MDAA2049984,N,Y,38.7261908,-76.5339005
MLS Listing,,Townhouse,913 Victory Ave,Brooklyn,MD,21225,116000,2,2.0,RITCHIE HEIGHTS,1104,3192,1948,33,105,,Active,,,https://www.redfin.com/MD/Brooklyn/913-Victory-Ave-21225/home/10423809,BRIGHT MLS,MDAA2062594,N,Y,39.2251078,-76.6103435
MLS Listing,,Vacant Land,2484 Lee St,Gambrills,MD,21054,119000,,,LOUIS L LEE SUB,,9932,,59,,,Active,,,https://www.redfin.com/MD/Gambrills/2484-Lee-St-21054/home/102269577,BRIGHT MLS,MDAA2060712,N,Y,39.023837,-76.6893429
MLS Listing,,Vacant Land,1924 Arundel Rd,Pasadena,MD,21122,120000,,,VENICE ON THE BAY,,7500,,154,,,Active,,,https://www.redfin.com/MD/Pasadena/1924-Arundel-Rd-21122/home/10305200,BRIGHT MLS,MDAA2053654,N,Y,39.152975,-76.478233
MLS Listing,,Vacant Land,926 Holly Ave,Edgewater,MD,21037,120000,,,SELBY ON THE BAY,,5800,,12,,,Active,,,https://www.redfin.com/MD/Edgewater/926-Holly-Ave-21037/home/9890754,BRIGHT MLS,MDAA2064064,N,Y,38.9092879,-76.51562
MLS Listing,,Vacant Land,1495 Cedarhurst Rd,Shady Side,MD,20764,125000,,,REGULARS,,370260,,302,,,Active,,,https://www.redfin.com/MD/Shady-Side/1495-Cedarhurst-Rd-20764/home/10458822,BRIGHT MLS,MDAA2044714,N,Y,38.828815,-76.502511
MLS Listing,,Single Family Residential,194 Edward Ln,Lothian,MD,20711,129900,3,2.0,BOONES ESTATES,1600,,1989,35,81,,Active,,,https://www.redfin.com/MD/Lothian/194-Edward-Ln-20711/home/185456331,BRIGHT MLS,MDAA2060604,N,Y,38.8092184,-76.6779745
MLS Listing,,Vacant Land,2477 Lee St,Gambrills,MD,21054,130000,,,LOUIS L LEE SUB,,20909,,156,,,Active,,,https://www.redfin.com/MD/Gambrills/2477-Lee-St-21054/home/10032564,BRIGHT MLS,MDAA2053546,N,Y,39.0231319,-76.689122
MLS Listing,,Vacant Land,2488 Lee St,Gambrills,MD,21054,135000,,,LOUIS L LEE SUB,,9932,,147,,,Active,,,https://www.redfin.com/MD/Gambrills/2488-Lee-St-21054/home/22179468,BRIGHT MLS,MDAA2054142,N,Y,39.02405,-76.689657
MLS Listing,,Vacant Land,272 Leitch Rd,Tracys Landing,MD,20779,135000,,,REGULARS,,168141,,140,,,Active,,,https://www.redfin.com/MD/Tracys-Landing/272-Leitch-Rd-20779/home/10467717,BRIGHT MLS,MDAA2054546,N,Y,38.766154,-76.574057
MLS Listing,,Vacant Land,"Lot 2604 ,2605 Shore Dr",Edgewater,MD,21037,135000,,,WOODLAND BEACH,,3675,,92,,,Active,,,https://www.redfin.com/MD/Edgewater/2605-Shore-Dr-21037/home/185136973,BRIGHT MLS,MDAA2058028,N,Y,38.9272516,-76.5570477
MLS Listing,,Vacant Land,Dorsey Rd,Hanover,MD,21076,150000,,,REGULARS,,22651,,337,,,Active,,,https://www.redfin.com/MD/Hanover/Dorsey-Rd-21076/home/10340629,BRIGHT MLS,MDAA2042614,N,Y,39.176304,-76.742113
MLS Listing,,Vacant Land,Marys Mount Rd,Harwood,MD,20776,150000,,,REGULARS,,81457,,3,,,Active,,,https://www.redfin.com/MD/Harwood/Marys-Mount-Rd-20776/home/9859413,BRIGHT MLS,MDAA2064810,N,Y,38.876316,-76.603256
MLS Listing,,Vacant Land,2552 Shorter Rd,Gambrills,MD,21054,150000,,,REGULARS,,33193,,333,,,Active,,,https://www.redfin.com/MD/Gambrills/2552-Shorter-Rd-21054/home/10320647,BRIGHT MLS,MDAA2043066,N,Y,39.0283601,-76.6938326
MLS Listing,,Vacant Land,6325 Fishers Station Rd,Lothian,MD,20711,150000,,,REGULARS,,224770,,181,,,Active,,,https://www.redfin.com/MD/Lothian/6325-Fishers-Station-Rd-20711/home/10468370,BRIGHT MLS,MDAA2051926,N,Y,38.766671,-76.6548186
MLS Listing,,Vacant Land,14-A Dorsey Ave,Annapolis,MD,21401,150000,,,REGULARS,,5320,,99,,,Active,,,https://www.redfin.com/MD/Annapolis/14-Dorsey-Ave-21401/home/10434595,BRIGHT MLS,MDAA2057136,N,Y,38.9807432,-76.5314564
MLS Listing,,Multi-Family (2-4 Unit),20 Ballman Ct,Brooklyn,MD,21225,164409,2,2.0,BROOKWOOD,1454,3150,1948,1,113,,Active,,,https://www.redfin.com/MD/Brooklyn/20-Ballman-Ct-21225/home/10397065,BRIGHT MLS,MDAA2062744,N,Y,39.224433,-76.6089017
MLS Listing,,Single Family Residential,1603 Capewood Ln,Jessup,MD,20794,169900,3,2.0,HOLIDAY MOBILE ESTATES,1900,,2001,28,89,,Active,,,https://www.redfin.com/MD/Jessup/1603-Capewood-Ln-20794/home/143326301,BRIGHT MLS,MDAA2062950,N,Y,39.145373,-76.7371016
MLS Listing,,Single Family Residential,4718 Idlewilde Rd,Shady Side,MD,20764,170000,3,2.5,IDLEWILDE,544,2640,1940,80,313,,Active,,,https://www.redfin.com/MD/Shady-Side/4718-Idlewilde-Rd-20764/home/10466631,BRIGHT MLS,MDAA2058664,N,Y,38.8513331,-76.4959483
MLS Listing,,Condo/Co-op,400 Renfro Dr #213,Glen Burnie,MD,21060,170000,1,1.0,VILLAGES AT FURNACE BRANCH,574,,2005,13,296,182,Active,,,https://www.redfin.com/MD/Glen-Burnie/400-Renfro-Dr-21060/unit-213/home/10482753,BRIGHT MLS,MDAA2063910,N,Y,39.1711928,-76.6062979
MLS Listing,,Townhouse,4905 Brookwood Rd,Brooklyn,MD,21225,175000,3,2.0,BROOKWOOD,1254,1710,1948,13,140,,Active,,,https://www.redfin.com/MD/Brooklyn/4905-Brookwood-Rd-21225/home/10396975,BRIGHT MLS,MDAA2064050,N,Y,39.2250858,-76.6088565
MLS Listing,,Vacant Land,8047-A Solley Rd,Glen Burnie,MD,21060,179000,,,REGULARS,,121532,,250,,,Active,,,https://www.redfin.com/MD/Glen-Burnie/8047-Solley-Rd-21060/home/10107018,BRIGHT MLS,MDAA2048732,N,Y,39.144468,-76.565303
MLS Listing,,Vacant Land,7642 Lake Dr,Pasadena,MD,21122,179900,,,VENICE ON THE BAY,,15000,,18,,,Active,,,https://www.redfin.com/MD/Pasadena/7642-Lake-Dr-21122/home/10304780,BRIGHT MLS,MDAA2061436,N,Y,39.1528089,-76.4754704
MLS Listing,,Townhouse,1804 Graybird Ct,Severn,MD,21144,180000,3,1.5,SPRING MEADOWS CONDO,1160,,1979,2,155,195,Active,,,https://www.redfin.com/MD/Severn/1804-Graybird-Ct-21144/home/10380579,BRIGHT MLS,MDAA2064776,N,Y,39.1124684,-76.7079073
MLS Listing,,Vacant Land,1025 Hansel Dr,Millersville,MD,21108,180000,,,REGULARS,,60113,,40,,,Active,,,https://www.redfin.com/MD/Millersville/1025-Hansel-Dr-21108/home/10320711,BRIGHT MLS,MDAA2062094,N,Y,39.054505,-76.6532919
MLS Listing,,Vacant Land,5250 Al Jones Dr,Shady Side,MD,20764,181200,,,COLUMBIA BEACH,,6300,,211,,25,Active,,,https://www.redfin.com/MD/Shady-Side/5250-Al-Jones-Dr-20764/home/10465089,BRIGHT MLS,MDAA2050668,N,Y,38.8191495,-76.5006091
MLS Listing,,Townhouse,248 W Edgevale Rd,Brooklyn,MD,21225,184900,2,0.5,BROOKLYN PARK,960,2000,1942,37,193,,Active,,,https://www.redfin.com/MD/Baltimore/248-W-Edgevale-Rd-21225/home/10396084,BRIGHT MLS,MDAA2061254,N,Y,39.2358301,-76.6174037
MLS Listing,,Townhouse,708 Glenwood St,Annapolis,MD,21401,184900,2,1.0,DUTCH GLEN CONDO,1024,,1960,11,181,300,Active,,,https://www.redfin.com/MD/Annapolis/708-Glenwood-St-21401/home/10446194,BRIGHT MLS,MDAA2064360,N,Y,38.9811662,-76.5030764
MLS Listing,,Vacant Land,2033 Citrus Ave,Jessup,MD,20794,184999,,,CHAMPION FOREST,,27826,,169,,,Active,,,https://www.redfin.com/MD/Jessup/2033-Citrus-Ave-20794/home/10325929,BRIGHT MLS,MDAA2052718,N,Y,39.146451,-76.762355
MLS Listing,,Vacant Land,134 Dorsey Dr,Edgewater,MD,21037,185000,,,DORSEY SUB,,7500,,77,,,Active,,,https://www.redfin.com/MD/Edgewater/134-Dorsey-Dr-21037/home/9995150,BRIGHT MLS,MDAA2059392,N,Y,38.974905,-76.537232
MLS Listing,,Vacant Land,464 Poplar Ln,Annapolis,MD,21403,189000,,,HILLSMERE ESTATES,,10600,,243,,,Active,,,https://www.redfin.com/MD/Annapolis/464-Poplar-Ln-21403/home/10014716,BRIGHT MLS,MDAA2049148,N,Y,38.939627,-76.490238
MLS Listing,,Townhouse,1840 Arwell Ct Unit D,Severn,MD,21144,189900,3,1.0,WARFIELD CONDOMINIUM,1068,,1978,35,178,188,Active,,,https://www.redfin.com/MD/Severn/1840-Arwell-Ct-21144/unit-D/home/10383453,BRIGHT MLS,MDAA2062488,N,Y,39.117821,-76.7052493
MLS Listing,,Single Family Residential,24 Eleanor Ave,Linthicum Heights,MD,21090,194500,3,1.0,SWEETSER HEIGHTS,752,8250,1954,139,259,,Active,,,https://www.redfin.com/MD/Linthicum-Heights/24-Eleanor-Ave-21090/home/10428381,BRIGHT MLS,MDAA2054706,N,Y,39.2206597,-76.6529804
MLS Listing,,Townhouse,8149 Poinsett Ter,Pasadena,MD,21122,195000,4,3.5,FARMINGTON VLGE SCHRAMM'S CRSNG,2304,2400,1999,13,85,96,Active,,,https://www.redfin.com/MD/Pasadena/8149-Poinsett-Ter-21122/home/10230316,BRIGHT MLS,MDAA2064172,N,Y,39.1241539,-76.5526969
MLS Listing,,Vacant Land,6508 Shady Side Rd,Shady Side,MD,20764,195000,,,Shady Side,,43560,,3279,,,Active,,,https://www.redfin.com/MD/Shady-Side/6508-Shady-Side-Rd-20764/home/10477804,BRIGHT MLS,1000130885,N,Y,38.8462217,-76.5230189
MLS Listing,,Vacant Land,Jackson Rd,Odenton,MD,21113,198000,,,REGULARS,,85378,,286,,,Active,,,https://www.redfin.com/MD/Odenton/Jackson-Rd-21113/home/10320317,BRIGHT MLS,MDAA2046522,N,Y,39.030649,-76.695926
MLS Listing,,Vacant Land,Chesterfield Rd,Annapolis,MD,21401,199000,,,Annapolis,,144619,,718,,,Active,,,https://www.redfin.com/MD/Annapolis/Chesterfield-Rd-21401/home/9929452,BRIGHT MLS,MDAA2000312,N,Y,38.998999,-76.595286
MLS Listing,,Townhouse,314 W Riverview Rd,Brooklyn,MD,21225,199000,3,1.0,BROOKLYN PARK,992,1968,1949,5,201,,Active,,,https://www.redfin.com/MD/Baltimore/314-W-Riverview-Rd-21225/home/10393889,BRIGHT MLS,MDAA2064738,N,Y,39.2325065,-76.6186281
MLS Listing,,Townhouse,215 W Meadow Rd,Brooklyn,MD,21225,199900,3,1.0,BROOKLYN PARK,1200,1760,1942,1,167,,Active,,,https://www.redfin.com/MD/Brooklyn/215-W-Meadow-Rd-21225/home/10396410,BRIGHT MLS,MDAA2065040,N,Y,39.2356565,-76.6160255
MLS Listing,,Vacant Land,1914 Montevideo Rd,Jessup,MD,20794,199900,,,REGULARS,,47480,,55,,,Active,,,https://www.redfin.com/MD/Jessup/1914-Montevideo-Rd-20794/home/10322537,BRIGHT MLS,MDAA2060576,N,Y,39.15778,-76.755142
MLS Listing,,Townhouse,5240 Wasena Ave,Brooklyn,MD,21225,199990,3,2.0,ARUNDEL VILLAGE,1104,1472,1950,16,181,,Active,,,https://www.redfin.com/MD/Brooklyn/5240-Wasena-Ave-21225/home/10390126,BRIGHT MLS,MDAA2063280,N,Y,39.2234399,-76.6031242
MLS Listing,,Vacant Land,1450 Snug Harbor Rd,Shady Side,MD,20764,199999,,,REGULARS,,91912,,20,,,Active,,,https://www.redfin.com/MD/Shady-Side/1450-Snug-Harbor-Rd-20764/home/10459076,BRIGHT MLS,MDAA2063464,N,Y,38.841778,-76.512374
MLS Listing,,Vacant Land,5069-LOT #2 Mountain Rd,Pasadena,MD,21122,199999,,,REGULARS,,43560,,173,,,Active,,,https://www.redfin.com/MD/Pasadena/5069-LOT-2-Mountain-RD-21122/home/185970952,BRIGHT MLS,MDAA2051500,N,Y,39.09814,-76.43316
MLS Listing,,Vacant Land,3123 Arundel On The Bay Rd,Annapolis,MD,21403,200000,,,REGULARS,,42253,,158,,,Active,,,https://www.redfin.com/MD/Annapolis/3123-Arundel-On-The-Bay-Rd-21403/home/9931171,BRIGHT MLS,MDAA2053470,N,Y,38.937943,-76.482144
MLS Listing,,Vacant Land,1448 Cedarhurst Rd,Shady Side,MD,20764,202160,,,REGULARS,,463478,,355,,,Active,,,https://www.redfin.com/MD/Shady-Side/1448-Cedarhurst-Rd-20764/home/10460781,BRIGHT MLS,MDAA2040738,N,Y,38.830265,-76.508301
MLS Listing,,Townhouse,1081 Fitz Ct,Pasadena,MD,21122,205000,3,1.5,QUEENS PARK,1448,4271,1977,4,142,,Active,,,https://www.redfin.com/MD/Pasadena/1081-Fitz-Ct-21122/home/10275467,BRIGHT MLS,MDAA2064862,N,Y,39.1434461,-76.5328848
MLS Listing,,Vacant Land,"Lot 427, Parcel 27,Map 60 Edgemont St",Edgewater,MD,21037,205000,,,Edgewater,,20000,,523,,,Active,,,https://www.redfin.com/MD/Selby-On-The-Bay/Lot-427-Parcel-27-Map-60-Edgemont-St-21037/home/178252292,BRIGHT MLS,MDAA2023868,N,Y,38.91180739,-76.51910466
MLS Listing,,Townhouse,50 W Talbott St,Baltimore,MD,21225,209000,6,3.0,Ward 25,2142,,1943,137,98,,Active,,,https://www.redfin.com/MD/Baltimore/50-Talbott-St-21225/home/11047545,BRIGHT MLS,MDBA2077458,N,Y,39.2368788,-76.6130315
MLS Listing,,Condo/Co-op,105 Three Coin Way #304,Glen Burnie,MD,21060,209900,2,2.0,CROMWELL FOUNTAIN,887,,1999,46,237,291,Active,,,https://www.redfin.com/MD/Glen-Burnie/105-Three-Coin-Way-21060/unit-304/home/10400911,BRIGHT MLS,MDAA2060714,N,Y,39.1961979,-76.6085701
MLS Listing,,Vacant Land,2035 Citrus Ave,Jessup,MD,20794,214999,,,CHAMPION FOREST,,41100,,42,,,Active,,,https://www.redfin.com/MD/Jessup/2035-Citrus-Ave-20794/home/10325931,BRIGHT MLS,MDAA2061988,N,Y,39.1467079,-76.762551
MLS Listing,,Townhouse,6408 Jefferson Pl,Glen Burnie,MD,21061,215000,2,1.5,HERITAGE HILL CONDO,896,,1974,10,240,215,Active,,,https://www.redfin.com/MD/Glen-Burnie/6408-Jefferson-Pl-21061/home/10414044,BRIGHT MLS,MDAA2064394,N,Y,39.2003025,-76.6214851
MLS Listing,,Townhouse,210 E 11th Ave,Baltimore,MD,21225,215000,4,2.0,RITCHIE HEIGHTS,2012,1926,1948,62,107,,Active,,,https://www.redfin.com/MD/Brooklyn/210-E-11th-Ave-21225/home/10423665,BRIGHT MLS,MDAA2059856,N,Y,39.2242348,-76.6111359
For-Sale-by-Owner Listing,,Condo/Co-op,6081 Rapid Water Way Unit 102,Glen Burnie,MD,21060,216900,2,2.0,Cromwell Fountain,962,,1999,168,225,,Active,,,https://www.redfin.com/MD/Glen-Burnie/6081-Rapid-Water-Way-21060/unit-102/home/184068761,FSBO.com,534076,N,Y,39.1982631,-76.6075745
MLS Listing,,Condo/Co-op,17 Silverwood Cir #1,Annapolis,MD,21403,219900,1,1.5,FAIRWINDS CONDO,1015,,1974,40,217,466,Active,,,https://www.redfin.com/MD/Annapolis/17-Silverwood-Cir-21403/unit-1/home/10446930,BRIGHT MLS,MDAA2062028,N,Y,38.9506988,-76.4853474
MLS Listing,,Townhouse,748 Old Riverside Rd,Brooklyn,MD,21225,220000,3,1.0,BROOKLYN PARK,1360,2208,1952,107,162,,Active,,,https://www.redfin.com/MD/Baltimore/748-Old-Riverside-Rd-21225/home/10395263,BRIGHT MLS,MDAA2051234,N,Y,39.2314345,-76.6208741
MLS Listing,,Townhouse,413 Old Riverside Rd,Brooklyn,MD,21225,220000,3,1.5,BROOKLYN PARK,1280,3250,1947,6,172,,Active,,,https://www.redfin.com/MD/Brooklyn/413-Old-Riverside-Rd-21225/home/10393850,BRIGHT MLS,MDAA2064634,N,Y,39.2337701,-76.6188467
MLS Listing,,Single Family Residential,5517 Sands Rd,Lothian,MD,20711,220000,3,2.0,REGULARS,1774,39204,1940,19,124,,Active,,,https://www.redfin.com/MD/Lothian/5517-Sands-Rd-20711/home/10467696,BRIGHT MLS,MDAA2063778,N,Y,38.8057506,-76.6896578
MLS Listing,,Vacant Land,8280 Elvaton Rd,Millersville,MD,21108,222500,,,ELVATON HEIGHTS,,40075,,127,,,Active,,,https://www.redfin.com/MD/Millersville/8280-Elvaton-Rd-21108/home/10227544,BRIGHT MLS,MDAA2055570,N,Y,39.1233143,-76.6087054
MLS Listing,,Vacant Land,7368 Furnace Branch Rd E,Glen Burnie,MD,21060,225000,,,MAXIE BROOKS PROP,,64469,,239,,,Active,,,https://www.redfin.com/MD/Glen-Burnie/7368-E-Furnace-Branch-Rd-21060/home/183174582,BRIGHT MLS,MDAA2049232,N,Y,39.1672293,-76.6050007
MLS Listing,,Vacant Land,1570 Shell Rd,Pasadena,MD,21122,225000,,,ROCK CREEK PARK,,15200,,69,,,Active,,,https://www.redfin.com/MD/Pasadena/1570-Shell-Rd-21122/home/10281048,BRIGHT MLS,MDAA2059876,N,Y,39.14981,-76.495838
MLS Listing,,Single Family Residential,307 N St SE,Glen Burnie,MD,21061,235000,2,1.0,GLEN BURNIE,818,4200,1948,20,287,,Active,,,https://www.redfin.com/MD/Glen-Burnie/307-N-St-SE-21061/home/10409651,BRIGHT MLS,MDAA2063668,N,Y,39.1590989,-76.6236999
MLS Listing,,Vacant Land,3821 Twin Oaks Dr,Edgewater,MD,21037,235000,,,PONDER COVE BEACH,,11250,,497,,,Active,,,https://www.redfin.com/MD/Edgewater/3821-Edgewater-Dr-21037/home/178536981,BRIGHT MLS,MDAA2026620,N,Y,38.9462697,-76.5726924
MLS Listing,,Single Family Residential,19 Bon Air Ave,Brooklyn,MD,21225,235000,3,1.0,ARUNDEL GARDENS,1400,5250,1953,11,168,,Pre On-Market,,,https://www.redfin.com/MD/Baltimore/19-Bon-Air-Ave-21225/home/10388128,BRIGHT MLS,MDAA2064134,N,Y,39.2127315,-76.6174208
MLS Listing,,Condo/Co-op,1907 Topango Pl,Crofton,MD,21114,237000,2,1.0,HABITAT I,882,,1973,2,269,240,Pre On-Market,July-22-2023 11:00 AM,July-22-2023 02:00 PM,https://www.redfin.com/MD/Crofton/1907-Topango-Pl-21114/home/10006942,BRIGHT MLS,MDAA2063678,N,Y,39.0140017,-76.6727739
MLS Listing,,Condo/Co-op,6503 Home Water Way #104,Glen Burnie,MD,21060,240000,2,2.0,CROMWELL FOUNTAIN,1149,,1999,1,209,245,Active,July-23-2023 11:00 AM,July-23-2023 01:00 PM,https://www.redfin.com/MD/Glen-Burnie/6503-Home-Water-Way-21060/unit-104/home/10402515,BRIGHT MLS,MDAA2064226,N,Y,39.1976134,-76.6043092
MLS Listing,,Townhouse,253 Woodoak Ct #6,Glen Burnie,MD,21061,245000,3,1.5,OAKWOOD VILLAGE CONDO,1375,,1983,8,178,145,Pre On-Market,,,https://www.redfin.com/MD/Glen-Burnie/253-Woodoak-Ct-21061/unit-6/home/12386224,BRIGHT MLS,MDAA2064510,N,Y,39.142029,-76.6237772
MLS Listing,,Vacant Land,6512 Shady Side Rd,Shady Side,MD,20764,245000,,,Shady Side,,62726,,3279,,,Active,,,https://www.redfin.com/MD/Shady-Side/6512-Shady-Side-Rd-20764/home/10477803,BRIGHT MLS,1000130897,N,Y,38.8465012,-76.5236912
MLS Listing,,Single Family Residential,100 Glen Rd,Glen Burnie,MD,21060,249000,2,1.0,GLEN GARDENS,700,6642,1953,11,356,,Active,,,https://www.redfin.com/MD/Glen-Burnie/100-Glen-Rd-21060/home/10407628,BRIGHT MLS,MDAA2064298,N,Y,39.1618873,-76.6146683
MLS Listing,,Single Family Residential,7731 Lawrence Ave,Pasadena,MD,21122,249900,2,1.0,GREEN HAVEN,936,5000,1964,5,267,,Active,,,https://www.redfin.com/MD/Pasadena/7731-Lawrence-Ave-21122/home/10240093,BRIGHT MLS,MDAA2064832,N,Y,39.1459254,-76.5430165
MLS Listing,,Vacant Land,1329 Generals Hwy,Crownsville,MD,21032,250000,,,REGULARS,,49658,,147,,,Active,,,https://www.redfin.com/MD/Crownsville/1329-Generals-Hwy-21032/home/9926288,BRIGHT MLS,MDAA2054128,N,Y,39.0322699,-76.602209
MLS Listing,,Vacant Land,Log Inn Rd,Annapolis,MD,21409,250000,,,REGULARS,,116741,,12,,,Active,,,https://www.redfin.com/MD/Annapolis/Log-Inn-Rd-21409/home/10106720,BRIGHT MLS,MDAA2064058,N,Y,39.022776,-76.415888
MLS Listing,,Vacant Land,Paul Dr,Severn,MD,21144,250000,,,REGULARS,,46174,,176,,,Active,,,https://www.redfin.com/MD/Severn/Paul-Dr-21144/home/10322241,BRIGHT MLS,MDAA2052304,N,Y,39.125977,-76.690833
MLS Listing,,Condo/Co-op,600 Moonglow Rd #102,Odenton,MD,21113,253000,2,2.0,LIONS GATE,982,,1991,58,258,255,Active,,,https://www.redfin.com/MD/Odenton/600-Moonglow-Rd-21113/unit-102/home/10341805,BRIGHT MLS,MDAA2058384,N,Y,39.0833726,-76.6853311
MLS Listing,,Townhouse,200 W Riverview Rd,Brooklyn,MD,21225,253000,3,1.0,BROOKLYN PARK,992,2875,1949,252,255,,Active,,,https://www.redfin.com/MD/Brooklyn/200-W-Riverview-Rd-21225/home/10394581,BRIGHT MLS,MDAA2048676,N,Y,39.2321232,-76.617813
MLS Listing,,Vacant Land,4115 Old Muddy Creek Rd,Edgewater,MD,21037,255000,,,REGULARS,,87120,,47,,,Active,,,https://www.redfin.com/MD/Edgewater/4115-Old-Muddy-Creek-Rd-21037/home/185584006,BRIGHT MLS,MDAA2060170,N,Y,38.8870673,-76.5653754
MLS Listing,,Condo/Co-op,22 Silverwood Cir #8,Annapolis,MD,21403,255000,2,2.0,FAIRWINDS CONDO,1308,,1974,1,195,466,Active,,,https://www.redfin.com/MD/Annapolis/22-Silverwood-Cir-21403/unit-8/home/10447246,BRIGHT MLS,MDAA2064230,N,Y,38.95207,-76.4846631
MLS Listing,,Single Family Residential,461 Jewell Rd,Dunkirk,MD,20754,260000,2,1.0,REGULARS,588,10890,1920,1,442,,Active,,,https://www.redfin.com/MD/Dunkirk/461-Jewell-Rd-20754/home/10468276,BRIGHT MLS,MDAA2065108,N,Y,38.7508962,-76.6225771
MLS Listing,,Condo/Co-op,3 Silverwood Cir #2,Annapolis,MD,21403,260000,2,2.0,FAIRWINDS CONDO,,,1974,12,,432,Active,,,https://www.redfin.com/MD/Annapolis/3-Silverwood-Cir-21403/unit-2/home/10446661,BRIGHT MLS,MDAA2064218,N,Y,38.9506953,-76.4859611
MLS Listing,,Condo/Co-op,302-B Gatehouse Ln Unit 302B,Odenton,MD,21113,264900,2,2.0,SEVEN OAKS,1216,,1996,3,218,436,Active,,,https://www.redfin.com/MD/Odenton/302B-Gatehouse-Ln-21113/unit-302B/home/10377246,BRIGHT MLS,MDAA2064972,N,Y,39.09894,-76.715314
MLS Listing,,Single Family Residential,209 Glen Rd,Glen Burnie,MD,21060,265000,2,1.0,GLEN GARDENS,700,9540,1953,51,379,,Active,,,https://www.redfin.com/MD/Glen-Burnie/209-Glen-Rd-21060/home/10408207,BRIGHT MLS,MDAA2060212,N,Y,39.1659297,-76.6129638
MLS Listing,,Condo/Co-op,1496 Mara Vista Ct,Crofton,MD,21114,269000,2,1.0,CROFTON MEWS CONDO,1200,,1978,1,224,265,Pre On-Market,,,https://www.redfin.com/MD/Crofton/1496-Mara-Vista-Ct-21114/home/181127549,BRIGHT MLS,MDAA2065084,N,Y,39.0293619,-76.6823164
MLS Listing,,Vacant Land,5741 Deale Churchton Rd,Deale,MD,20751,269990,,,REGULARS,,41251,,246,,,Active,,,https://www.redfin.com/MD/Deale/5741-Deale-Churchton-Rd-20751/home/108286945,BRIGHT MLS,MDAA2048984,N,Y,38.7950466,-76.5428347
MLS Listing,,Vacant Land,Al Jones Dr,Shady Side,MD,20764,275000,,,COLUMBIA BEACH,,6334,,124,,,Active,,,https://www.redfin.com/MD/Shady-Side/Al-Jones-Dr-20764/home/10465289,BRIGHT MLS,MDAA2055910,N,Y,38.819934,-76.499736
MLS Listing,,Single Family Residential,1459 Washington Ave,Severn,MD,21144,275000,3,1.0,CEDARHURST,1204,7800,1952,7,228,,Active,,,https://www.redfin.com/MD/Severn/1459-Washington-Ave-21144/home/10327207,BRIGHT MLS,MDAA2064566,N,Y,39.1179694,-76.6897931
MLS Listing,,Vacant Land,1422 Howard Rd,Annapolis,MD,21403,275000,,,OYSTER HARBOR,,5000,,69,,,Active,,,https://www.redfin.com/MD/Annapolis/1422-Howard-Rd-21403/home/10036804,BRIGHT MLS,MDAA2059952,N,Y,38.9254786,-76.4649179
MLS Listing,,Vacant Land,1907 Mackiebeth Ct,Annapolis,MD,21401,275000,,,TWIN HILLS,,64226,,180,,21,Active,,,https://www.redfin.com/MD/Annapolis/1907-Mackiebeth-Ct-21401/home/183800155,BRIGHT MLS,MDAA2051776,N,Y,38.9920599,-76.589911
MLS Listing,,Vacant Land,140 Dennis Rd #140,Severna Park,MD,21146,275000,,,Severna Park,,65340,,41,,,Active,,,https://www.redfin.com/MD/Severna-Park/140-Dennis-Rd-21146/unit-140/home/185662171,BRIGHT MLS,MDAA2061962,N,Y,39.0934258,-76.5490378
MLS Listing,,Single Family Residential,304 Townsend Ave,Brooklyn,MD,21225,279900,3,1.0,BROOKLYN HEIGHTS,1333,6250,1952,19,210,,Active,,,https://www.redfin.com/MD/Baltimore/304-Townsend-Ave-21225/home/10392049,BRIGHT MLS,MDAA2062910,N,Y,39.2268434,-76.607683
MLS Listing,,Townhouse,665 Westphalia Dr,Glen Burnie,MD,21061,279900,3,2.5,PARKE WEST ADD,1632,4500,1979,1,172,,Active,,,https://www.redfin.com/MD/Glen-Burnie/665-Westphalia-Dr-21061/home/10352898,BRIGHT MLS,MDAA2064354,N,Y,39.1396398,-76.6510416
MLS Listing,,Single Family Residential,36 Hoyle Ln,Severna Park,MD,21146,279999,2,1.0,REGULARS,604,33541,1927,7,464,,Active,,,https://www.redfin.com/MD/Severna-Park/36-Hoyle-Ln-21146/home/10116958,BRIGHT MLS,MDAA2064456,N,Y,39.0589769,-76.5309623
MLS Listing,,Single Family Residential,5522 Moore St,Brooklyn,MD,21225,284900,4,1.0,ROLAND TERRACE,1372,6750,1951,4,208,,Active,,,https://www.redfin.com/MD/Baltimore/5522-Moore-St-21225/home/10424484,BRIGHT MLS,MDAA2064850,N,Y,39.2199492,-76.6088453
MLS Listing,,Townhouse,494 Renfro Ct,Glen Burnie,MD,21060,284900,3,2.5,VILLAGES AT FURNACE BRANCH,1720,2000,1999,5,166,80,Pre On-Market,,,https://www.redfin.com/MD/Glen-Burnie/494-Renfro-Ct-21060/home/10429251,BRIGHT MLS,MDAA2063182,N,Y,39.170491,-76.607467
MLS Listing,,Single Family Residential,1 Brewer St,Annapolis,MD,21401,285000,2,1.0,REGULARS,668,2550,1940,43,427,,Active,,,https://www.redfin.com/MD/Annapolis/1-Brewer-St-21401/home/10434813,BRIGHT MLS,MDAA2059812,N,Y,38.9800774,-76.4984408
MLS Listing,,Townhouse,514 Realm Ct E,Odenton,MD,21113,289000,2,1.5,KINGS RANSOM CONDO,1120,1638,1990,4,258,174,Active,,,https://www.redfin.com/MD/Odenton/514-Realm-Ct-E-21113/home/10339448,BRIGHT MLS,MDAA2064854,N,Y,39.0790509,-76.7043608
MLS Listing,,Vacant Land,Patuxent Rd,Odenton,MD,21113,290000,,,REGULARS,,138956,,109,,,Active,,,https://www.redfin.com/MD/Odenton/Patuxent-Rd-21113/home/10317633,BRIGHT MLS,MDAA2056626,N,Y,39.045662,-76.721158
MLS Listing,,Single Family Residential,205 Otis Dr,Severn,MD,21144,295000,3,1.0,MUNSON HEIGHTS,960,16200,1964,2,307,,Pre On-Market,,,https://www.redfin.com/MD/Severn/205-Otis-Dr-21144/home/10350119,BRIGHT MLS,MDAA2064730,N,Y,39.1440631,-76.6898383
MLS Listing,,Townhouse,1706 W Bancroft Ln,Crofton,MD,21114,299000,2,1.0,BANCROFT,1360,,1978,6,220,204,Pre On-Market,,,https://www.redfin.com/MD/Crofton/1706-W-Bancroft-Ln-21114/home/9938191,BRIGHT MLS,MDAA2064758,N,Y,39.0145089,-76.6779296
MLS Listing,,Single Family Residential,9216 Fort Smallwood Rd,Pasadena,MD,21122,299000,3,1.0,ROCK CREEK PARK,1040,22790,1948,28,288,,Active,,,https://www.redfin.com/MD/Pasadena/9216-Fort-Smallwood-Rd-21122/home/10281126,BRIGHT MLS,MDAA2062128,N,Y,39.1469024,-76.4833064
MLS Listing,,Townhouse,139 Heather Stone Way #14,Glen Burnie,MD,21061,299900,3,2.5,GLEN BURNIE,1372,,2005,11,219,280,Active,,,https://www.redfin.com/MD/Glen-Burnie/139-Heather-Stone-Way-21061/unit-14/home/10925617,BRIGHT MLS,MDAA2064142,N,Y,39.1532143,-76.6286583
MLS Listing,,Townhouse,7700 Scatteree Rd,Severn,MD,21144,299999,3,2.5,QUAIL RUN,1385,2070,1995,4,217,123,Active,,,https://www.redfin.com/MD/Severn/7700-Scatteree-Rd-21144/home/10361575,BRIGHT MLS,MDAA2064824,N,Y,39.1294109,-76.7065194
MLS Listing,,Vacant Land,1338 Scott Town Rd,Shady Side,MD,20764,300000,,,REGULARS,,169448,,460,,,Active,,,https://www.redfin.com/MD/Shady-Side/1338-Scott-Town-Rd-20764/home/10459667,BRIGHT MLS,MDAA2026436,N,Y,38.825011,-76.5150188
MLS Listing,,Townhouse,910 Penobscot Harbour,Pasadena,MD,21122,301000,3,1.0,ELIZABETHS LANDING,1400,3592,1985,146,215,125,Active,,,https://www.redfin.com/MD/Pasadena/910-Penobscot-Harbour-21122/home/10226248,BRIGHT MLS,MDAA2054120,N,Y,39.1549393,-76.5285645
MLS Listing,,Single Family Residential,410 Maple Ln NW,Glen Burnie,MD,21061,303000,2,1.0,GLEN BURNIE,1012,10450,1953,20,299,,Active,,,https://www.redfin.com/MD/Glen-Burnie/410-Maple-Ln-NW-21061/home/10410650,BRIGHT MLS,MDAA2063202,N,Y,39.1701911,-76.6252
MLS Listing,,Townhouse,214 Scotts Manor Dr,Glen Burnie,MD,21061,309900,3,1.5,THE HIGHLANDS,1508,5359,1976,1,206,,Active,,,https://www.redfin.com/MD/Glen-Burnie/214-Scotts-Manor-Dr-21061/home/10252365,BRIGHT MLS,MDAA2064948,N,Y,39.1307973,-76.6118769
MLS Listing,,Single Family Residential,1602 Bedford Rd,Glen Burnie,MD,21061,309990,3,1.0,GLEN HEIGHTS,1056,10125,1955,1,294,,Pre On-Market,July-23-2023 12:00 PM,July-23-2023 02:00 PM,https://www.redfin.com/MD/Glen-Burnie/1602-Bedford-Rd-21061/home/10411568,BRIGHT MLS,MDAA2065048,N,Y,39.200942,-76.638496
MLS Listing,,Townhouse,705 Gnome Ct,Glen Burnie,MD,21061,313900,3,2.5,CLOVERLEAF COMMONS,1482,719,1998,13,212,70,Active,,,https://www.redfin.com/MD/Glen-Burnie/705-Gnome-Ct-21061/home/10215216,BRIGHT MLS,MDAA2063946,N,Y,39.1250799,-76.637943
MLS Listing,,Townhouse,1900 Pawlet Dr Unit 1C,Crofton,MD,21114,314000,2,2.0,SYCAMORE MEWS/CROFTON VILLAGE,1397,1226,1997,23,225,265,Active,,,https://www.redfin.com/MD/Crofton/1900-Pawlet-Dr-21114/unit-1C/home/145936403,BRIGHT MLS,MDAA2063072,N,Y,39.031149,-76.6811312
MLS Listing,,Townhouse,826 Estuary Dr,Odenton,MD,21113,315000,3,2.0,PINEY ORCHARD,1516,1925,2000,13,208,161,Active,,,https://www.redfin.com/MD/Odenton/826-Estuary-Dr-21113/home/10360020,BRIGHT MLS,MDAA2064140,N,Y,39.0582441,-76.7169554
MLS Listing,,Townhouse,1790-A Belle Dr,Annapolis,MD,21401,317000,3,1.5,GREENBRIAR,1312,1212,1970,5,242,2,Active,,,https://www.redfin.com/MD/Annapolis/1790-Belle-Dr-21401/unit-A/home/10448564,BRIGHT MLS,MDAA2064520,N,Y,38.969492,-76.524799
MLS Listing,,Single Family Residential,1014 Somerset Dr,Glen Burnie,MD,21061,318000,3,1.0,SOMERSET,912,10050,1956,34,349,,Active,,,https://www.redfin.com/MD/Glen-Burnie/1014-Somerset-Dr-21061/home/10294076,BRIGHT MLS,MDAA2062144,N,Y,39.1506586,-76.6303732
MLS Listing,,Single Family Residential,812 Dale Rd,Glen Burnie,MD,21060,325000,3,1.0,HARUNDALE,988,6200,1947,4,329,,Active,,,https://www.redfin.com/MD/Glen-Burnie/812-Dale-Rd-21060/home/10247704,BRIGHT MLS,MDAA2064370,N,Y,39.1557571,-76.6142203
MLS Listing,,Townhouse,1632 Briarview Ct #50,Severn,MD,21144,325000,3,2.5,ASBURY WOODS,1626,850,2002,1,200,155,Active,,,https://www.redfin.com/MD/Severn/1632-Briarview-Ct-21144/unit-50/home/10476049,BRIGHT MLS,MDAA2065098,N,Y,39.1254408,-76.7041023
MLS Listing,,Vacant Land,4812 Avery Rd,Shady Side,MD,20764,325000,,,REGULARS,,10715,,225,,,Active,,,https://www.redfin.com/MD/Shady-Side/4812-Avery-Rd-20764/home/10460022,BRIGHT MLS,MDAA2049952,N,Y,38.8452,-76.504533
MLS Listing,,Vacant Land,0 Bay Dr,Edgewater,MD,21037,329000,,,TURKEY POINT,,8760,,8,,10,Active,,,https://www.redfin.com/MD/Edgewater/Bay-Dr-21037/home/184595703,BRIGHT MLS,MDAA2064344,N,Y,38.90368696,-76.50294194
MLS Listing,,Single Family Residential,406 Townsend Ave,Brooklyn,MD,21225,329900,5,2.0,BROOKLYN HEIGHTS,828,6250,1942,18,398,,Pre On-Market,,,https://www.redfin.com/MD/Baltimore/406-Townsend-Ave-21225/home/10392112,BRIGHT MLS,MDAA2063826,N,Y,39.2274959,-76.6061822
MLS Listing,,Single Family Residential,1708 Lansing Rd,Glen Burnie,MD,21060,329900,3,1.0,HARUNDALE,988,5900,1947,7,334,3,Active,,,https://www.redfin.com/MD/Glen-Burnie/1708-Lansing-Rd-21060/home/10247874,BRIGHT MLS,MDAA2063652,N,Y,39.1487116,-76.608529
MLS Listing,,Single Family Residential,7967 Catherine Ave,Pasadena,MD,21122,330000,3,2.0,GREEN HAVEN,1618,10000,1965,1,204,,Pre On-Market,,,https://www.redfin.com/MD/Pasadena/7967-Catherine-Ave-21122/home/10241941,BRIGHT MLS,MDAA2065080,N,Y,39.1326868,-76.545188
MLS Listing,,Townhouse,1816 Chatfield #62,Severn,MD,21144,330000,3,2.5,QUAIL RUN,1626,1549,1998,2,203,120,Pre On-Market,,,https://www.redfin.com/MD/Severn/1816-Chatfield-Ter-21144/unit-62/home/21942172,BRIGHT MLS,MDAA2064674,N,Y,39.1281692,-76.7070319
MLS Listing,,Single Family Residential,1015 Sharon Dr,Glen Burnie,MD,21061,335000,3,1.5,FAIRWAY GARDENS,1104,6000,1956,8,303,,Pre On-Market,,,https://www.redfin.com/MD/Glen-Burnie/1015-Sharon-Dr-21061/home/10231084,BRIGHT MLS,MDAA2064544,N,Y,39.1496226,-76.6221596
MLS Listing,,Townhouse,1828 Aberdeen Cir,Crofton,MD,21114,335900,3,2.5,CROFTON SQUARE,1424,,1978,4,236,205,Active,,,https://www.redfin.com/MD/Crofton/1828-Aberdeen-Cir-21114/home/186111685,BRIGHT MLS,MDAA2064886,N,Y,39.0119504,-76.6781437
MLS Listing,,Townhouse,1732 Dryden Way,Crofton,MD,21114,338000,3,1.5,CROFTON GEORGETWN HOUSES,1518,,1966,1,223,72,Pre On-Market,,,https://www.redfin.com/MD/Crofton/1732-Dryden-Way-21114/home/9960491,BRIGHT MLS,MDAA2065118,N,Y,39.0132986,-76.6917778
MLS Listing,,Townhouse,7864 Foxfarm Ln,Glen Burnie,MD,21061,340000,2,2.5,FOX CHASE,1884,2400,1995,1,180,68,Active,,,https://www.redfin.com/MD/Glen-Burnie/7864-Foxfarm-Ln-21061/home/10233521,BRIGHT MLS,MDAA2064986,N,Y,39.1344078,-76.6088001
MLS Listing,,Vacant Land,Holly Dr,Annapolis,MD,21409,340000,,,AMBERLEY,,17000,,90,,6,Active,,,https://www.redfin.com/MD/Unknown/Holly-Dr-21409/home/182401303,BRIGHT MLS,MDAA2058272,N,Y,39.01601,-76.43724
MLS Listing,,Townhouse,1726 Farmington Ct,Crofton,MD,21114,344000,3,2.5,CROFTON PARK,1496,,1970,1,230,140,Pre On-Market,,,https://www.redfin.com/MD/Crofton/1726-Farmington-Ct-21114/home/9978096,BRIGHT MLS,MDAA2065190,N,Y,39.0012022,-76.6973371
MLS Listing,,Townhouse,17 Winslow Ct,Annapolis,MD,21403,349500,3,2.5,PAINTERS HILL,1450,1259,1980,4,241,165,Active,,,https://www.redfin.com/MD/Annapolis/17-Winslow-Ct-21403/home/185910780,BRIGHT MLS,MDAA2063398,N,Y,38.9600274,-76.5052281
MLS Listing,,Single Family Residential,524 Morningside Dr,Glen Burnie,MD,21061,349900,4,2.0,MORNINGSIDE HEIGHTS,1052,7000,1957,7,333,,Active,,,https://www.redfin.com/MD/Glen-Burnie/524-Morningside-Dr-21061/home/10264469,BRIGHT MLS,MDAA2064406,N,Y,39.1464927,-76.6144871
MLS Listing,,Townhouse,2273 Lea Ct,Odenton,MD,21113,349900,3,3.0,FOUR SEASONS ESTATES,1486,4732,1994,22,235,21,Active,,,https://www.redfin.com/MD/Odenton/2273-Lea-Ct-21113/home/10333011,BRIGHT MLS,MDAA2063434,N,Y,39.0650602,-76.6973599
MLS Listing,,Townhouse,8222 Appalachian Dr,Pasadena,MD,21122,349900,3,2.5,ASPEN PARK,1648,2000,1992,32,212,49,Active,,,https://www.redfin.com/MD/Pasadena/8222-Appalachian-Dr-21122/home/10139199,BRIGHT MLS,MDAA2062768,N,Y,39.1321427,-76.5557771
MLS Listing,,Single Family Residential,1003 Glenvilla Dr,Glen Burnie,MD,21061,349900,4,2.0,FAIRWAY GARDENS,1440,7871,1956,3,243,,Active,,,https://www.redfin.com/MD/Glen-Burnie/1003-Glenvilla-Dr-21061/home/10231180,BRIGHT MLS,MDAA2064952,N,Y,39.1509093,-76.6236052
MLS Listing,,Vacant Land,6340 Mckendree Rd,Dunkirk,MD,20754,350000,,,Dunkirk,,142877,,644,,,Active,,,https://www.redfin.com/MD/Dunkirk/6340-McKendree-Rd-20754/home/176715977,BRIGHT MLS,MDAA2000631,N,Y,38.761227,-76.621844
MLS Listing,,Vacant Land,516 Benfield Rd,Severna Park,MD,21146,350000,,,REGULARS,,36155,,182,,,Active,,,https://www.redfin.com/MD/Severna-Park/516-Benfield-Rd-21146/home/10121354,BRIGHT MLS,MDAA2051986,N,Y,39.080813,-76.579173
MLS Listing,,Vacant Land,Mt Airy Rd,Davidsonville,MD,21035,350000,,,REGULARS,,182516,,120,,,Active,,,https://www.redfin.com/MD/Davidsonville/Mt-Airy-Rd-21035/home/40016262,BRIGHT MLS,MDAA2055882,N,Y,38.92904,-76.64673
MLS Listing,,Vacant Land,Lots 228 and 165 Foxhead Manor Rd,Annapolis,MD,21409,350000,,,Annapolis,,132858,,879,,,Active,,,https://www.redfin.com/MD/District-3/Lots-228-and-165-Foxhead-Manor-Rd-21409/home/175162595,BRIGHT MLS,MDAA459832,N,Y,39.02731666,-76.40450459
MLS Listing,,Single Family Residential,38 Brooks Terrace Rd,Glen Burnie,MD,21060,350000,3,3.0,BROOKLYN TERRACE,2149,5000,1967,27,163,,Active,,,https://www.redfin.com/MD/Glen-Burnie/38-Brooks-Terrace-Rd-21060/home/10392013,BRIGHT MLS,MDAA2062804,N,Y,39.2028032,-76.6109666
MLS Listing,,Condo/Co-op,2605 Chapel Lake Dr #408,Gambrills,MD,21054,350000,2,2.0,THE VILLAGE AT WAUGH CHAPEL,1208,,2002,5,290,388,Active,,,https://www.redfin.com/MD/Gambrills/2605-Chapel-Lake-Dr-21054/unit-408/home/10476224,BRIGHT MLS,MDAA2063284,N,Y,39.0363519,-76.6826435
MLS Listing,,Townhouse,7711 Queens Park Rd,Pasadena,MD,21122,350000,4,2.5,QUEENS PARK,1862,5300,1973,4,188,,Active,July-22-2023 11:00 AM,July-22-2023 01:00 PM,https://www.redfin.com/MD/Pasadena/7711-Queens-Park-Rd-21122/home/10275173,BRIGHT MLS,MDAA2064778,N,Y,39.1470314,-76.5344004
MLS Listing,,Vacant Land,6121 Shady Side Rd,Shady Side,MD,20764,350000,,,REGULARS,,41024,,87,,,Active,,,https://www.redfin.com/MD/Shady-Side/6121-Shady-Side-Rd-20764/home/56607502,BRIGHT MLS,MDAA2058528,N,Y,38.8287806,-76.5122634
MLS Listing,,Single Family Residential,1532 Mayfield Rd,Edgewater,MD,21037,350000,4,1.0,WOODLAND BEACH,1186,6000,1981,95,295,,Active,,,https://www.redfin.com/MD/Edgewater/1532-Mayfield-Rd-21037/home/9911297,BRIGHT MLS,MDAA2057958,N,Y,38.9356839,-76.5479774
MLS Listing,,Single Family Residential,506 Wimmer Rd,Glen Burnie,MD,21061,350000,3,1.0,MUNROE GARDENS,934,6000,1956,11,375,,Active,,,https://www.redfin.com/MD/Glen-Burnie/506-Wimmer-Rd-21061/home/10264918,BRIGHT MLS,MDAA2064008,N,Y,39.1565695,-76.6245516
MLS Listing,,Townhouse,128 Rebecca Hammond Ct,Brooklyn,MD,21225,359900,2,2.5,CEDAR HILL,1792,1120,2020,12,201,97,Active,,,https://www.redfin.com/MD/Baltimore/128-Rebecca-Hammond-Ct-21225/home/167630641,BRIGHT MLS,MDAA2064198,N,Y,39.2123386,-76.6099643
MLS Listing,,Single Family Residential,5706 Lowell St,Brooklyn,MD,21225,359900,4,2.5,ROLAND TERRACE,1636,10454,2002,138,220,,Active,,,https://www.redfin.com/MD/Baltimore/5706-Lowell-St-21225/home/10471501,BRIGHT MLS,MDAA2054750,N,Y,39.216809,-76.6022969
MLS Listing,,Single Family Residential,101 Hollywood Dr,Glen Burnie,MD,21060,360000,4,2.0,HAMMARLEE ESTATES,1700,6400,1958,62,212,,Active,,,https://www.redfin.com/MD/Glen-Burnie/101-Hollywood-Dr-21060/home/10412448,BRIGHT MLS,MDAA2059994,N,Y,39.1746807,-76.6038802
MLS Listing,,Single Family Residential,818 Cedar Branch Dr,Glen Burnie,MD,21061,362500,4,1.0,PLEASANTVILLE,1696,6600,1959,47,214,,Active,,,https://www.redfin.com/MD/Glen-Burnie/818-Cedar-Branch-Dr-21061/home/10420972,BRIGHT MLS,MDAA2061624,N,Y,39.1897001,-76.6293353
MLS Listing,,Single Family Residential,313 Gloucester Dr,Glen Burnie,MD,21061,365000,4,2.0,LEHIGH,2064,10123,1956,75,177,,Active,,,https://www.redfin.com/MD/Glen-Burnie/313-Gloucester-Dr-21061/home/10255963,BRIGHT MLS,MDAA2058958,N,Y,39.1474893,-76.6227012
MLS Listing,,Single Family Residential,217 Gloucester Dr,Glen Burnie,MD,21061,368000,4,1.0,LEHIGH,1494,10685,1956,12,246,,Active,,,https://www.redfin.com/MD/Glen-Burnie/217-Gloucester-Dr-21061/home/10256060,BRIGHT MLS,MDAA2064252,N,Y,39.1472245,-76.6252285
MLS Listing,,Townhouse,4127 Apple Leaf Ct,Pasadena,MD,21122,369000,3,3.5,APPLEGATE NORTH,1980,1600,2002,11,186,50,Pre On-Market,,,https://www.redfin.com/MD/Pasadena/4127-Apple-Leaf-Ct-21122/home/10472255,BRIGHT MLS,MDAA2063706,N,Y,39.1290873,-76.5145654
MLS Listing,,Townhouse,732 Chapelgate Dr,Odenton,MD,21113,370000,4,3.0,MAPLE RIDGE,1580,5000,1972,1,234,,Pre On-Market,July-22-2023 11:00 AM,July-22-2023 01:00 PM,https://www.redfin.com/MD/Odenton/732-Chapelgate-Dr-21113/home/10343543,BRIGHT MLS,MDAA2064852,N,Y,39.0647739,-76.7009463
MLS Listing,,Single Family Residential,535 Chalet Dr W,Millersville,MD,21108,372000,3,2.0,VILLAGE OF OLDE MILL,1728,9894,1971,82,215,,Active,,,https://www.redfin.com/MD/Millersville/535-Chalet-Dr-W-21108/home/10307447,BRIGHT MLS,MDAA2058922,N,Y,39.1168102,-76.6240551
MLS Listing,,Single Family Residential,1219 Old Camp Meade Rd,Severn,MD,21144,374900,3,1.0,REGULARS,1088,27878,1925,17,345,,Active,,,https://www.redfin.com/MD/Severn/1219-Old-Camp-Meade-Rd-21144/home/10322523,BRIGHT MLS,MDAA2063866,N,Y,39.1369526,-76.695702
MLS Listing,,Single Family Residential,1166 Patuxent Rd,Odenton,MD,21113,375000,3,2.5,REGULARS,1700,125888,1941,75,221,,Active,,,https://www.redfin.com/MD/Odenton/1166-Patuxent-Rd-21113/home/10317032,BRIGHT MLS,MDAA2059582,N,Y,39.0385739,-76.717236
MLS Listing,,Vacant Land,304 Fairhaven Rd,Tracys Landing,MD,20779,375000,,,FAIR HAVEN ESTATES,,1129075,,451,,,Active,,,https://www.redfin.com/MD/Tracys-Landing/304-Fairhaven-Rd-20779/home/10469230,BRIGHT MLS,MDAA2031236,N,Y,38.759376,-76.567791
MLS Listing,,Single Family Residential,113 Oak Spring Dr,Glen Burnie,MD,21060,375000,4,2.0,SUN VALLEY,1640,6600,1959,30,229,,Active,,,https://www.redfin.com/MD/Glen-Burnie/113-Oak-Spring-Dr-21060/home/10294725,BRIGHT MLS,MDAA2060180,N,Y,39.1390642,-76.5846953
MLS Listing,,Single Family Residential,8470 Bussenius Rd,Pasadena,MD,21122,379900,4,3.0,REGULARS,2288,14374,1957,46,166,,Active,,,https://www.redfin.com/MD/Pasadena/8470-Bussenius-Rd-21122/home/10120122,BRIGHT MLS,MDAA2061354,N,Y,39.111072,-76.494955
MLS Listing,,Single Family Residential,106 Forest St,Glen Burnie,MD,21061,380000,3,2.0,FERNGLEN MANOR,2191,9975,1955,1,173,,Active,,,https://www.redfin.com/MD/Glen-Burnie/106-Forest-St-21061/home/10405784,BRIGHT MLS,MDAA2065032,N,Y,39.1772974,-76.6327855
MLS Listing,,Condo/Co-op,2606 Chapel Lake Dr #211,Gambrills,MD,21054,382400,2,2.0,THE VILLAGE AT WAUGH CHAPEL,1195,,2004,3,320,305,Active,,,https://www.redfin.com/MD/Gambrills/2606-Chapel-Lake-Dr-21054/unit-211/home/10481026,BRIGHT MLS,MDAA2063838,N,Y,39.0372044,-76.6830946
MLS Listing,,Townhouse,610 Stone Wheel Ct E,Millersville,MD,21108,383000,3,2.5,MILLRACE,1942,3220,1985,12,197,50,Pre On-Market,July-22-2023 12:00 PM,July-22-2023 02:00 PM,https://www.redfin.com/MD/Millersville/610-Stone-Wheel-Ct-E-21108/home/10265240,BRIGHT MLS,MDAA2064272,N,Y,39.1133806,-76.6266498
MLS Listing,,Single Family Residential,3725 Nile Rd,Davidsonville,MD,21035,384000,3,2.0,PATUXENT MANOR,1592,15000,1973,1,241,,Active,,,https://www.redfin.com/MD/Davidsonville/3725-Nile-Rd-21035/home/9884171,BRIGHT MLS,MDAA2065114,N,Y,38.9167537,-76.6708919
MLS Listing,,Townhouse,John Daniel Way Unit HEPBURN,Brooklyn Park,MD,21225,384990,3,3.0,CEDAR HILL,1680,1742,2023,188,229,97,Active,,,https://www.redfin.com/MD/Brooklyn-Park/John-Daniel-Way-21225/unit-HEPBURN/home/184772152,BRIGHT MLS,MDAA2051606,N,Y,39.21010262,-76.60605914
For-Sale-by-Owner Listing,,Townhouse,2603 Rigging Dr,Annapolis,MD,21401,385000,2,2.0,Annapolis,1234,2040,1994,42,312,,Active,,,https://www.redfin.com/MD/Annapolis/2603-Rigging-Dr-21401/home/10083462,Fizber.com,11494851,N,Y,38.9777676,-76.5881548
MLS Listing,,Single Family Residential,5653 Shady Side Rd,Churchton,MD,20733,385000,3,2.0,REGULARS,995,43996,1945,9,387,,Active,,,https://www.redfin.com/MD/Churchton/5653-Shady-Side-Rd-20733/home/10458966,BRIGHT MLS,MDAA2064436,N,Y,38.8150251,-76.5335818
MLS Listing,,Single Family Residential,5718 Moore St,Brooklyn,MD,21225,387500,3,2.5,ROLAND TERRACE,1132,7150,1956,40,342,,Active,,,https://www.redfin.com/MD/Brooklyn/5718-Moore-St-21225/home/10424091,BRIGHT MLS,MDAA2061784,N,Y,39.2163675,-76.6085744
MLS Listing,,Townhouse,2535 Vineyard Ln,Crofton,MD,21114,389000,4,3.5,CROFTON VILLAGE,1822,2154,1981,1,214,95,Active,,,https://www.redfin.com/MD/Crofton/2535-Vineyard-Ln-21114/home/9963085,BRIGHT MLS,MDAA2065112,N,Y,39.0292537,-76.6788768
MLS Listing,,Single Family Residential,4913 Lerch Dr,Shady Side,MD,20764,389000,2,2.0,AVALON SHORES,1301,13250,1939,1,299,,Pre On-Market,July-23-2023 11:00 AM,July-23-2023 01:00 PM,https://www.redfin.com/MD/Shady-Side/4913-Lerch-Dr-20764/home/10462278,BRIGHT MLS,MDAA2064888,N,Y,38.8404256,-76.5222907
MLS Listing,,Single Family Residential,525 Old Mill Rd,Millersville,MD,21108,389900,4,2.5,VILLAGE OF OLDE MILL,1920,6600,1971,12,203,,Active,,,https://www.redfin.com/MD/Millersville/525-Old-Mill-Rd-21108/home/10308475,BRIGHT MLS,MDAA2064206,N,Y,39.1175741,-76.6230153
MLS Listing,,Single Family Residential,9 Baltimore Ave,Glen Burnie,MD,21061,390000,4,3.5,FERNDALE FARMS,1360,4000,1999,56,287,,Active,,,https://www.redfin.com/MD/Glen-Burnie/9-Baltimore-Ave-21061/home/10405440,BRIGHT MLS,MDAA2060846,N,Y,39.1847565,-76.6362398
MLS Listing,,Single Family Residential,211 Linda Ave,Linthicum Heights,MD,21090,392116,3,2.0,COLONIAL DRIVE,1770,5750,1954,47,222,,Active,,,https://www.redfin.com/MD/Linthicum-Heights/211-Linda-Ave-21090/home/10397547,BRIGHT MLS,MDAA2061272,N,Y,39.2166264,-76.6522585
MLS Listing,,Townhouse,1705 Glebe Creek Way,Odenton,MD,21113,395000,3,3.0,SEVEN OAKS,1280,1500,1999,39,309,74,Active,,,https://www.redfin.com/MD/Odenton/1705-Glebe-Creek-Way-21113/home/10376261,BRIGHT MLS,MDAA2062184,N,Y,39.1040192,-76.704598
MLS Listing,,Single Family Residential,707 Hyde Park Dr,Glen Burnie,MD,21061,395000,3,3.5,PARKE WEST ADD,1496,6500,1973,1,264,,Pre On-Market,,,https://www.redfin.com/MD/Glen-Burnie/707-Hyde-Park-Dr-21061/home/10352475,BRIGHT MLS,MDAA2065058,N,Y,39.134483,-76.6489196
MLS Listing,,Single Family Residential,705 Marlboro Rd,Glen Burnie,MD,21061,395000,4,1.5,GLEN BURNIE PARK,1344,7806,1958,15,294,,Pre On-Market,July-22-2023 01:00 PM,July-22-2023 03:00 PM,https://www.redfin.com/MD/Glen-Burnie/705-Marlboro-Rd-21061/home/10334485,BRIGHT MLS,MDAA2063212,N,Y,39.1439932,-76.6407072
MLS Listing,,Single Family Residential,8033 Maywood Ave,Pasadena,MD,21122,395000,3,1.5,BELHAVEN BEACH,1392,5910,1974,6,284,,Active,,,https://www.redfin.com/MD/Pasadena/8033-Maywood-Ave-21122/home/10155519,BRIGHT MLS,MDAA2063224,N,Y,39.1292295,-76.4790143
MLS Listing,,Townhouse,1699 Walleye Dr,Crofton,MD,21114,398800,3,1.5,CROFTON PARK,1846,1900,1970,7,216,70,Active,,,https://www.redfin.com/MD/Crofton/1699-Walleye-Dr-21114/home/9978517,BRIGHT MLS,MDAA2064662,N,Y,39.0016355,-76.6982279
MLS Listing,,Condo/Co-op,2900 Shipmaster Way #320,Annapolis,MD,21401,399000,2,2.0,HERITAGE HARBOUR,1048,,1986,1,381,596,Pre On-Market,,,https://www.redfin.com/MD/Annapolis/2900-Shipmaster-Way-21401/unit-320/home/10082402,BRIGHT MLS,MDAA2064618,N,Y,38.9712658,-76.5974931
MLS Listing,,Single Family Residential,890 Gordon Dr,Glen Burnie,MD,21061,399000,3,1.5,WELLINGTON,1508,8950,1969,16,265,,Active,,,https://www.redfin.com/MD/Glen-Burnie/890-Gordon-Dr-21061/home/10429704,BRIGHT MLS,MDAA2063944,N,Y,39.1892588,-76.6272593
MLS Listing,,Single Family Residential,5715 Pindell Rd,Lothian,MD,20711,399900,3,2.0,LOTHIAN,1488,,1961,5,269,,Active,,,https://www.redfin.com/MD/Lothian/5715-Pindell-Rd-20711/home/10468190,BRIGHT MLS,MDAA2064792,N,Y,38.7946691,-76.6865454
MLS Listing,,Townhouse,434 Willow Bend Dr,Glen Burnie,MD,21060,399900,3,2.5,CREEKSIDE VILLAGE AT TANYARD COVE,1932,1350,2015,3,207,99,Active,,,https://www.redfin.com/MD/Glen-Burnie/434-Willow-Bend-Dr-21060/home/64328790,BRIGHT MLS,MDAA2064788,N,Y,39.1710714,-76.5679344
MLS Listing,,Townhouse,7832 Canter Ct,Severn,MD,21144,399900,4,2.5,CARRIAGE PINES/LAKE VILLAGE,2212,1500,1998,1,181,76,Pre On-Market,July-22-2023 01:00 PM,July-22-2023 03:00 PM,https://www.redfin.com/MD/Severn/7832-Canter-Ct-21144/home/10325593,BRIGHT MLS,MDAA2065064,N,Y,39.1276703,-76.7087929
MLS Listing,,Single Family Residential,107 Linden Ln,Glen Burnie,MD,21061,399900,4,2.0,GLEN BURNIE,1088,4950,1953,61,368,,Active,July-22-2023 12:00 PM,July-22-2023 02:00 PM,https://www.redfin.com/MD/Glen-Burnie/107-Linden-Ln-21061/home/10410648,BRIGHT MLS,MDAA2059562,N,Y,39.1682696,-76.6287113
MLS Listing,,Townhouse,209 Langdon Farm Cir,Odenton,MD,21113,399900,3,2.5,SEVEN OAKS,1674,1500,1998,21,239,77,Active,,,https://www.redfin.com/MD/Odenton/209-Langdon-Farm-Cir-21113/home/10376938,BRIGHT MLS,MDAA2063136,N,Y,39.1040048,-76.7166743
MLS Listing,,Townhouse,1709 Walleye Dr,Crofton,MD,21114,399900,3,2.5,CROFTON PARK,1980,,1970,1,202,93,Pre On-Market,,,https://www.redfin.com/MD/Crofton/1709-Walleye-Dr-21114/home/9975708,BRIGHT MLS,MDAA2063526,N,Y,39.0018949,-76.6980475
MLS Listing,,Vacant Land,650 Old Waugh Chapel Rd,Odenton,MD,21113,399900,,,REGULARS,,17424,,13,,,Active,,,https://www.redfin.com/MD/Odenton/650-Old-Waugh-Chapel-Rd-21113/home/10318424,BRIGHT MLS,MDAA2064126,N,Y,39.0732082,-76.7081955
MLS Listing,,Single Family Residential,209 Ridgely Rd,Glen Burnie,MD,21061,399900,5,2.0,GLEN BURNIE PARK,1755,7900,1956,1,228,,Pre On-Market,July-22-2023 12:00 PM,July-22-2023 03:00 PM,https://www.redfin.com/MD/Glen-Burnie/209-Ridgely-Rd-21061/home/10334446,BRIGHT MLS,MDAA2065092,N,Y,39.1435268,-76.6387672
MLS Listing,,Single Family Residential,3736 Beach Drive Blvd,Edgewater,MD,21037,399900,3,2.0,SELBY ON THE BAY,768,5352,1950,28,521,,Active,,,https://www.redfin.com/MD/Edgewater/3736-Beach-Drive-Blvd-21037/home/9890448,BRIGHT MLS,MDAA2063000,N,Y,38.9064292,-76.5141605
MLS Listing,,Single Family Residential,649 Emmet Pl,North Beach,MD,20714,399950,3,1.0,ROSE HAVEN,966,6250,1980,51,414,,Active,,,https://www.redfin.com/MD/North-Beach/649-Emmett-Pl-20714/home/10469948,BRIGHT MLS,MDAA2060532,N,Y,38.7228597,-76.536483
MLS Listing,,Single Family Residential,501 Joy Cir,Glen Burnie,MD,21061,400000,5,2.0,GLEN BURNIE PARK,2116,8222,1961,1,189,,Pre On-Market,July-23-2023 01:00 PM,July-23-2023 03:00 PM,https://www.redfin.com/MD/Glen-Burnie/501-Joy-Cir-21061/home/10333996,BRIGHT MLS,MDAA2059256,N,Y,39.1391791,-76.6422414
MLS Listing,,Townhouse,8605 Jacks Reef Rd,Laurel,MD,20724,400000,3,2.5,RUSSETT,1562,1500,1993,18,256,107,Pre On-Market,,,https://www.redfin.com/MD/Laurel/8605-Jacks-Reef-Rd-20724/home/10368627,BRIGHT MLS,MDAA2063756,N,Y,39.1007101,-76.8087823
MLS Listing,,Townhouse,John Daniel Way Unit CLARENDON,Brooklyn Park,MD,21225,404990,3,3.5,CEDAR HILL,1920,,2023,188,211,97,Active,,,https://www.redfin.com/MD/Brooklyn-Park/John-Daniel-Way-21225/unit-CLARENDON/home/184772215,BRIGHT MLS,MDAA2051610,N,Y,39.20967233,-76.60725799
MLS Listing,,Single Family Residential,9 Cromwell Ave,Glen Burnie,MD,21061,405000,4,2.5,FERNDALE FARMS,1983,5500,1954,5,204,,Pre On-Market,,,https://www.redfin.com/MD/Glen-Burnie/9-Cromwell-Ave-21061/home/10404001,BRIGHT MLS,MDAA2064418,N,Y,39.1846567,-76.6353824
MLS Listing,,Townhouse,3269 Nile Ln,Laurel,MD,20724,409000,2,2.5,RUSSETT,1800,1200,2004,9,227,79,Pre On-Market,,,https://www.redfin.com/MD/Laurel/3269-Nile-Ln-20724/home/10477315,BRIGHT MLS,MDAA2064464,N,Y,39.1119546,-76.7932517
MLS Listing,,Townhouse,8610 Hartwood Pl,Laurel,MD,20724,409000,3,2.5,RUSSETT,1980,1685,1994,6,207,87,Active,,,https://www.redfin.com/MD/Laurel/8610-Hartwood-Pl-20724/home/10367886,BRIGHT MLS,MDAA2063440,N,Y,39.1020447,-76.8148585
MLS Listing,,Single Family Residential,14 New Jersey Ave NW,Glen Burnie,MD,21061,409000,4,2.0,GLEN BURNIE,1296,7500,1953,7,316,,Active,,,https://www.redfin.com/MD/Glen-Burnie/14-New-Jersey-Ave-NW-21061/home/10410692,BRIGHT MLS,MDAA2064636,N,Y,39.1674946,-76.6249053
MLS Listing,,Single Family Residential,1711 Elkridge Dr,Edgewater,MD,21037,409000,3,2.0,WOODLAND BEACH,1120,4000,1980,28,365,,Active,,,https://www.redfin.com/MD/Edgewater/1711-Elkridge-Dr-21037/home/9914768,BRIGHT MLS,MDAA2062524,N,Y,38.9322171,-76.5557997
MLS Listing,,Single Family Residential,319 Stevens Ave,Arnold,MD,21012,409900,3,2.0,BELVEDERE BEACH/HARMONY POINT,1260,11440,1950,30,325,,Active,,,https://www.redfin.com/MD/Arnold/319-Stevens-Ave-21012/home/10157058,BRIGHT MLS,MDAA2062770,N,Y,39.0550593,-76.4980003
MLS Listing,,Townhouse,100 Drydock Way Unit H,Brooklyn Park,MD,21225,409990,3,3.0,CEDAR HILL,1587,,2023,98,258,97,Active,,,https://www.redfin.com/MD/Brooklyn-Park/100-Drydock-Way-21225/unit-H/home/184879799,BRIGHT MLS,MDAA2057670,N,Y,39.2103133,-76.6080268
MLS Listing,,Townhouse,1707 Fieldstone Ct #3,Hanover,MD,21076,410000,3,2.5,STONEY RUN,2100,2178,2017,1,195,270,Pre On-Market,,,https://www.redfin.com/MD/Hanover/1707-Fieldstone-Ct-21076/unit-3/home/143934635,BRIGHT MLS,MDAA2064112,N,Y,39.1509388,-76.7228199
MLS Listing,,Single Family Residential,2034 Citrus Ave,Jessup,MD,20794,410000,2,2.0,CHAMPION FOREST,1335,21000,1950,163,307,,Active,,,https://www.redfin.com/MD/Jessup/2034-Citrus-Ave-20794/home/10325885,BRIGHT MLS,MDAA2051076,N,Y,39.1472384,-76.7619438
MLS Listing,,Single Family Residential,678 Wise Ave,Pasadena,MD,21122,412000,3,2.0,REGULARS,1260,7000,1995,25,327,,Active,July-23-2023 11:00 AM,July-23-2023 02:00 PM,https://www.redfin.com/MD/Pasadena/678-Wise-Ave-21122/home/10130993,BRIGHT MLS,MDAA2063262,N,Y,39.142711,-76.5523226
MLS Listing,,Single Family Residential,1809 Ridgewick Rd,Glen Burnie,MD,21061,413000,4,3.0,HARUNDALE,1668,5974,1960,1,248,,Active,July-23-2023 11:30 AM,July-23-2023 01:30 PM,https://www.redfin.com/MD/Glen-Burnie/1809-Ridgewick-Rd-21061/home/10249842,BRIGHT MLS,MDAA2065186,N,Y,39.1430012,-76.6115985
MLS Listing,,Townhouse,Drydock Way Unit MOZART,Brooklyn Park,MD,21225,414099,3,2.5,CEDAR HILL,1916,,2023,231,216,97,Active,,,https://www.redfin.com/MD/Brooklyn-Park/Drydock-Way-21225/unit-MOZART/home/184772197,BRIGHT MLS,MDAA2049618,N,Y,39.20983499,-76.60788044
MLS Listing,,Townhouse,2600 Chancellor Ct,Odenton,MD,21113,414900,3,2.5,PINEY ORCHARD,1575,1728,1998,7,263,67,Pre On-Market,,,https://www.redfin.com/MD/Odenton/2600-Chancellor-Ct-21113/home/10357855,BRIGHT MLS,MDAA2063572,N,Y,39.0664696,-76.7269548
MLS Listing,,Townhouse,815 Oyster Ct,Odenton,MD,21113,414989,3,2.5,PINEY ORCHARD,1490,,2001,13,279,83,Active,,,https://www.redfin.com/MD/Odenton/815-Oyster-Ct-21113/home/10360314,BRIGHT MLS,MDAA2063488,N,Y,39.0551918,-76.7167735
MLS Listing,,Single Family Residential,704 Mayo Rd,Glen Burnie,MD,21061,415000,3,2.0,GLEN BURNIE PARK,1531,7115,1959,19,271,,Active,,,https://www.redfin.com/MD/Glen-Burnie/704-Mayo-Rd-21061/home/10334671,BRIGHT MLS,MDAA2063338,N,Y,39.1442268,-76.6396242
MLS Listing,,Single Family Residential,400 Winton Ave,Glen Burnie,MD,21061,415000,4,2.0,FERNDALE FARMS,1244,6000,1968,6,334,,Pre On-Market,,,https://www.redfin.com/MD/Glen-Burnie/400-Winton-Ave-21061/home/10404779,BRIGHT MLS,MDAA2064664,N,Y,39.1863696,-76.6442634
MLS Listing,,Single Family Residential,203 Exeter Ct,Linthicum Heights,MD,21090,415000,3,2.0,HILLSIDE ACRES,1632,8415,1957,19,254,,Active,,,https://www.redfin.com/MD/Linthicum-Hts/203-Exeter-Ct-21090/home/10415008,BRIGHT MLS,MDAA2063220,N,Y,39.214443,-76.6484154
MLS Listing,,Single Family Residential,209 Hollywood Ct,Glen Burnie,MD,21060,415000,4,2.0,HAMMARLEE ESTATES,1890,6529,1958,6,220,,Active,,,https://www.redfin.com/MD/Glen-Burnie/209-Hollywood-Ct-21060/home/10412324,BRIGHT MLS,MDAA2063738,N,Y,39.1742087,-76.6025712
MLS Listing,,Single Family Residential,8078 Escalon Ave,Pasadena,MD,21122,415000,4,3.0,GREEN HAVEN,1188,4750,1990,4,349,,Active,,,https://www.redfin.com/MD/Pasadena/8078-Escalon-Ave-21122/home/10244470,BRIGHT MLS,MDAA2064880,N,Y,39.1324071,-76.5530853
MLS Listing,,Single Family Residential,1418 Fairbanks Dr,Hanover,MD,21076,420000,3,2.0,HARMANS WOODS,1580,6171,1986,1,266,,Pre On-Market,July-22-2023 11:00 AM,July-22-2023 01:00 PM,https://www.redfin.com/MD/Hanover/1418-Fairbanks-Dr-21076/home/10337416,BRIGHT MLS,MDAA2063516,N,Y,39.1409815,-76.7004831
MLS Listing,,Single Family Residential,2015 Valley Rd,Annapolis,MD,21401,420000,3,2.0,ROLLING KNOLLS,1620,12245,1966,3,259,,Pre On-Market,,,https://www.redfin.com/MD/Annapolis/2015-Valley-Rd-21401/home/10054614,BRIGHT MLS,MDAA2063444,N,Y,38.9947407,-76.5539032
MLS Listing,,Single Family Residential,1021 4th St,Glen Burnie,MD,21060,424000,3,2.0,POINT PLEASANT,1632,7375,1988,31,260,,Active,,,https://www.redfin.com/MD/Glen-Burnie/1021-4th-St-21060/home/10422843,BRIGHT MLS,MDAA2062806,N,Y,39.1811519,-76.5858259
MLS Listing,,Single Family Residential,263 10th St,Pasadena,MD,21122,424900,3,2.0,CHELSEA BEACH,2416,10725,1973,3,176,,Pre On-Market,,,https://www.redfin.com/MD/Pasadena/263-10th-St-21122/home/10202750,BRIGHT MLS,MDAA2064836,N,Y,39.1009455,-76.5173675
MLS Listing,,Townhouse,2006 Peggy Stewart Way #208,Annapolis,MD,21401,425000,2,2.5,TIDEWATER COLONY OF ANNAPOLIS,1578,,1996,4,269,420,Active,,,https://www.redfin.com/MD/Annapolis/2006-Peggy-Stewart-Way-21401/unit-208/home/10072544,BRIGHT MLS,MDAA2064070,N,Y,38.9938543,-76.5221729
MLS Listing,,Single Family Residential,8261 Minton Ct,Millersville,MD,21108,425000,3,1.5,VILLAGE OF OLDE MILL,1558,8294,1971,33,273,,Active,,,https://www.redfin.com/MD/Millersville/8261-Minton-Ct-21108/home/10308684,BRIGHT MLS,MDAA2062048,N,Y,39.1187154,-76.6081682
MLS Listing,,Condo/Co-op,1511 Feral Dae Ln #203,Annapolis,MD,21409,425000,2,2.0,FOUR SEASONS AT ST. MARGARETS CONDO,1442,,2008,9,295,434,Pre On-Market,,,https://www.redfin.com/MD/Annapolis/1511-Feral-Dae-Ln-21409/unit-203/home/23425794,BRIGHT MLS,MDAA2063670,N,Y,39.028539,-76.44685
MLS Listing,,Single Family Residential,7949 Central Rd,Pasadena,MD,21122,425000,3,2.0,BAHAMA BEACH,1512,12000,1939,18,281,,Active,,,https://www.redfin.com/MD/Pasadena/7949-Central-Rd-21122/home/10142973,BRIGHT MLS,MDAA2063812,N,Y,39.1343365,-76.4601323
MLS Listing,,Single Family Residential,585 Fairhaven Rd,Tracys Landing,MD,20779,425000,3,1.0,REGULARS,1184,72310,1910,36,359,,Active,,,https://www.redfin.com/MD/Tracys-Landing/585-Fairhaven-Rd-20779/home/10468233,BRIGHT MLS,MDAA2062332,N,Y,38.7481733,-76.5580123
MLS Listing,,Single Family Residential,1628 Oldtown Rd,Edgewater,MD,21037,425000,3,2.0,WOODLAND BEACH,1972,6098,1960,29,216,,Active,,,https://www.redfin.com/MD/Edgewater/1628-Oldtown-Rd-21037/home/9910226,BRIGHT MLS,MDAA2062712,N,Y,38.9332561,-76.5461814
MLS Listing,,Single Family Residential,257 Margate Dr,Glen Burnie,MD,21060,425500,4,2.0,MARGATE,1879,10000,1960,11,226,,Active,,,https://www.redfin.com/MD/Glen-Burnie/257-Margate-Dr-21060/home/10417780,BRIGHT MLS,MDAA2064372,N,Y,39.1670618,-76.59337
MLS Listing,,Single Family Residential,208 Mary Ct,Glen Burnie,MD,21061,429000,4,2.0,OLAN PLAZA,1670,11205,1959,1,257,,Pre On-Market,,,https://www.redfin.com/MD/Glen-Burnie/208-Mary-Ct-21061/home/186128934,BRIGHT MLS,MDAA2065026,N,Y,39.1796329,-76.630283
MLS Listing,,Townhouse,Workers Dr Unit MENDELSSOHN,Brooklyn Park,MD,21225,429990,3,2.5,CEDAR HILL,2093,,2023,314,205,97,Active,,,https://www.redfin.com/MD/Brooklyn-Park/Workers-DR-21225/unit-MENDELSSOHN/home/184772124,BRIGHT MLS,MDAA2044508,N,Y,39.20947141,-76.60826829
MLS Listing,,Single Family Residential,5492 Nutwell Sudley Rd,Deale,MD,20751,430000,4,2.0,REGULARS,1184,119354,1971,8,363,,Active,,,https://www.redfin.com/MD/Deale/5492-Nutwell-Sudley-Rd-20751/home/10467597,BRIGHT MLS,MDAA2061894,N,Y,38.8121817,-76.5772914
MLS Listing,,Single Family Residential,1510 Hickory Wood Dr,Annapolis,MD,21409,430000,3,1.5,WHISPERING WOODS,1400,5407,1983,5,307,25,Active,,,https://www.redfin.com/MD/Annapolis/1510-Hickory-Wood-Dr-21409/home/10314234,BRIGHT MLS,MDAA2064796,N,Y,39.0257717,-76.4790594
MLS Listing,,Single Family Residential,647 C St,Pasadena,MD,21122,434900,3,2.0,CHELSEA BEACH,1512,15000,1975,21,288,,Active,,,https://www.redfin.com/MD/Pasadena/647-C-St-21122/home/10203003,BRIGHT MLS,MDAA2063480,N,Y,39.1050315,-76.5238859
MLS Listing,,Single Family Residential,368 Cecilton S,Laurel,MD,20724,435000,3,2.5,MARYLAND CITY,1412,8100,1963,15,308,,Active,,,https://www.redfin.com/MD/Laurel/368-Cecilton-S-20724/home/10348048,BRIGHT MLS,MDAA2062506,N,Y,39.0898019,-76.8162098
MLS Listing,,Townhouse,8032 Ians Aly,Laurel,MD,20724,435000,4,3.5,RUSSETT,1940,1200,2004,12,224,98,Active,,,https://www.redfin.com/MD/Laurel/8032-Ians-Aly-20724/home/10477200,BRIGHT MLS,MDAA2064234,N,Y,39.1102813,-76.7926741
MLS Listing,,Vacant Land,322 Kingsberry Dr,Annapolis,MD,21409,439000,,,ST MARGARETS FARM,,110072,,33,,83,Active,,,https://www.redfin.com/MD/Annapolis/322-Kingsberry-Dr-21409/home/10289426,BRIGHT MLS,MDAA2062648,N,Y,39.0136379,-76.4670407
MLS Listing,,Single Family Residential,402 Lily Brook Ct,Pasadena,MD,21122,439900,3,2.5,SANDY OAKS,2504,7564,1994,3,176,,Active,,,https://www.redfin.com/MD/Pasadena/402-Lily-Brook-Ct-21122/home/10284956,BRIGHT MLS,MDAA2064998,N,Y,39.1388839,-76.5694808
MLS Listing,,Townhouse,1482 Carlyle Ct,Crofton,MD,21114,439900,3,3.0,LAKE LOUISE,1814,,1975,26,243,168,Active,,,https://www.redfin.com/MD/Crofton/1482-Carlyle-Ct-21114/home/10030621,BRIGHT MLS,MDAA2062646,N,Y,39.011435,-76.69521
MLS Listing,,Townhouse,250 Saint Michaels Cir #41,Odenton,MD,21113,439900,4,3.5,SEVEN OAKS,2350,1650,1991,4,187,74,Active,,,https://www.redfin.com/MD/Odenton/250-St-Michaels-Cir-21113/unit-41/home/143388746,BRIGHT MLS,MDAA2064882,N,Y,39.1041406,-76.7184498
MLS Listing,,Single Family Residential,119 5th Ave SE,Glen Burnie,MD,21061,440000,4,2.5,GLEN OAK TERRACE,1991,8000,1926,26,221,,Active,,,https://www.redfin.com/MD/Glen-Burnie/119-5th-Ave-SE-21061/home/10238458,BRIGHT MLS,MDAA2062078,N,Y,39.1570665,-76.6267629
MLS Listing,,Single Family Residential,1703 Riverdale Dr,Edgewater,MD,21037,440000,3,2.5,WOODLAND BEACH,1320,4000,1984,7,333,,Pre On-Market,,,https://www.redfin.com/MD/Edgewater/1703-Riverdale-Dr-21037/home/9915889,BRIGHT MLS,MDAA2064624,N,Y,38.933344,-76.5526727
MLS Listing,,Single Family Residential,7802 Stafford Hill Ct,Glen Burnie,MD,21061,445000,3,2.5,MYERS ESTATES,1602,7996,1983,6,278,8,Active,,,https://www.redfin.com/MD/Glen-Burnie/7802-Stafford-Hill-Ct-21061/home/186064837,BRIGHT MLS,MDAA2063656,N,Y,39.136368,-76.6548304
MLS Listing,,Vacant Land,1139 Thompson Ave,Severn,MD,21144,445000,,,THOMPSON FARMS,,127195,,494,,,Active,,,https://www.redfin.com/MD/Severn/1139-Thompson-Ave-21144/home/10382317,BRIGHT MLS,MDAA2026848,N,Y,39.126465,-76.6728289
MLS Listing,,Single Family Residential,508 West Dr,Severna Park,MD,21146,447000,3,2.0,CARROLLTON MANOR,1772,9650,1967,39,252,,Active,,,https://www.redfin.com/MD/Severna-Park/508-West-Dr-21146/home/10196232,BRIGHT MLS,MDAA2061964,N,Y,39.0814816,-76.5839279
MLS Listing,,Single Family Residential,1050 Tudor Dr,Crownsville,MD,21032,449000,3,2.0,SUNRISE BEACH,1460,11875,1972,3,308,,Pre On-Market,July-22-2023 11:00 AM,July-22-2023 01:00 PM,https://www.redfin.com/MD/Crownsville/1050-Tudor-Dr-21032/home/10067617,BRIGHT MLS,MDAA2064930,N,Y,39.0691255,-76.5941753
MLS Listing,,Single Family Residential,107 Ferndale Ave,Glen Burnie,MD,21061,449500,5,4.0,FERNDALE FARMS,1449,8000,1948,2,310,,Pre On-Market,July-22-2023 11:00 AM,July-22-2023 01:00 PM,https://www.redfin.com/MD/Glen-Burnie/107-Ferndale-Ave-21061/home/10403965,BRIGHT MLS,MDAA2065038,N,Y,39.1867657,-76.6377289
MLS Listing,,Single Family Residential,7915 Innkeeper Dr,Severn,MD,21144,449900,4,2.5,THE PROVINCES,1871,8571,1972,26,240,,Active,,,https://www.redfin.com/MD/Severn/7915-Innkeeper-Dr-21144/home/10363480,BRIGHT MLS,MDAA2063036,N,Y,39.1346495,-76.7324572
MLS Listing,,Single Family Residential,8489 Arbutus Rd,Pasadena,MD,21122,449900,5,3.0,RIVIERA BEACH,1479,9818,1955,95,304,,Active,,,https://www.redfin.com/MD/Pasadena/8489-Arbutus-Rd-21122/home/10279471,BRIGHT MLS,MDAA2057928,N,Y,39.1600855,-76.5149736
MLS Listing,,Single Family Residential,529 Highland Dr,Edgewater,MD,21037,449900,4,3.0,WOODLAND BEACH,2261,8100,1945,7,199,,Active,,,https://www.redfin.com/MD/Edgewater/529-Highland-Dr-21037/home/9907786,BRIGHT MLS,MDAA2063098,N,Y,38.9262869,-76.548936
MLS Listing,,Townhouse,2721 Piscataway Run Dr,Odenton,MD,21113,449990,2,3.0,PINEY ORCHARD,1968,1700,2000,13,229,81,Active,,,https://www.redfin.com/MD/Odenton/2721-Piscataway-Run-Dr-21113/home/10359946,BRIGHT MLS,MDAA2063802,N,Y,39.0573327,-76.7152006
MLS Listing,,Vacant Land,1104 Captain Bell Ct,Davidsonville,MD,21035,449990,,,CARRIAGE ESTATES,,56628,,3,,,Active,,,https://www.redfin.com/MD/Davidsonville/1104-Captain-Bell-Ct-21035/home/9948939,BRIGHT MLS,MDAA2064980,N,Y,38.973757,-76.641064
New Construction Plan,,Townhouse,Baywood,Laurel,MD,20724,449990,3,3.0,Watershed,1563,,,,288,,Active,,,https://www.redfin.com/MD/Laurel/Watershed/Baywood/home/177059236,NewHomeSource.com,Plan-241857189,N,Y,39.0927002,-76.7861254
MLS Listing,,Townhouse,316 Ibis Ct,Laurel,MD,20724,449990,3,3.0,ARUNDEL GATEWAY,1563,2038,2023,3,288,110,Active,July-19-2023 10:30 AM,July-19-2023 04:00 PM,https://www.redfin.com/MD/Laurel/316-Ibis-Ct-20724/home/173195548,BRIGHT MLS,MDAA2064964,N,Y,39.0915211,-76.7843546
MLS Listing,,Single Family Residential,226 9th St,Pasadena,MD,21122,449999,3,1.5,CHELSEA BEACH,1968,15000,1971,39,229,,Active,,,https://www.redfin.com/MD/Pasadena/226-9th-St-21122/home/10202347,BRIGHT MLS,MDAA2062204,N,Y,39.1023002,-76.5190387
MLS Listing,,Single Family Residential,812 Miner Rd,Crownsville,MD,21032,450000,3,2.0,SUNRISE BEACH,1848,12180,1967,7,244,,Pre On-Market,,,https://www.redfin.com/MD/Crownsville/812-Miner-Rd-21032/home/10062309,BRIGHT MLS,MDAA2064568,N,Y,39.0630998,-76.5881246
MLS Listing,,Single Family Residential,508 Cedar Ave,Edgewater,MD,21037,450000,3,2.0,BEVERLEY BEACH,1544,12460,1983,6,291,,Pre On-Market,,,https://www.redfin.com/MD/Edgewater/508-Cedar-Ave-21037/home/9867122,BRIGHT MLS,MDAA2064712,N,Y,38.8805061,-76.5060299
MLS Listing,,Vacant Land,5705 Iron Stone Rd,Lothian,MD,20711,450000,,,THE VINEYARD,,303613,,90,,100,Active,,,https://www.redfin.com/MD/Lothian/5705-Iron-Stone-Rd-20711/home/11224112,BRIGHT MLS,MDAA2058282,N,Y,38.7803046,-76.6065472
MLS Listing,,Single Family Residential,7535 Harmans Rd,Harmans,MD,21077,450000,3,3.0,DORSEY RUN,1990,8448,1992,5,226,,Active,,,https://www.redfin.com/MD/Harmans/7535-Harmans-Rd-21077/home/10328759,BRIGHT MLS,MDAA2064318,N,Y,39.1544321,-76.7024676
MLS Listing,,Single Family Residential,914 Van Buren St,Annapolis,MD,21403,450000,3,1.5,REGULARS,1416,9370,1910,4,318,,Pre On-Market,,,https://www.redfin.com/MD/Annapolis/914-Van-Buren-St-21403/home/10440489,BRIGHT MLS,MDAA2064522,N,Y,38.9622793,-76.4917548
MLS Listing,,Single Family Residential,8435 Bedford Rd,Pasadena,MD,21122,450000,4,2.0,SUNSET BEACH,1722,10000,1955,4,261,,Pre On-Market,,,https://www.redfin.com/MD/Pasadena/8435-Bedford-Rd-21122/home/10293768,BRIGHT MLS,MDAA2064904,N,Y,39.1589196,-76.5217036
MLS Listing,,Single Family Residential,821 E Pasadena Rd,Pasadena,MD,21122,450000,4,1.5,REGULARS,1980,61855,1980,5,227,,Active,,,https://www.redfin.com/MD/Pasadena/821-E-Pasadena-Rd-21122/home/10107750,BRIGHT MLS,MDAA2063970,N,Y,39.1105284,-76.5594346
MLS Listing,,Single Family Residential,514 Cheddington,Linthicum Heights,MD,21090,450000,4,3.0,CRESTWOOD,2792,8906,1958,58,161,,Active,,,https://www.redfin.com/MD/Linthicum/514-Cheddington-Rd-21090/home/10400087,BRIGHT MLS,MDAA2057862,N,Y,39.2162657,-76.6625456
MLS Listing,,Townhouse,7765 Venice Ln,Severn,MD,21144,455000,3,2.5,SEVERN MEADOWS,2184,1460,2020,3,208,95,Active,,,https://www.redfin.com/MD/Severn/7765-Venice-Ln-21144/home/144890898,BRIGHT MLS,MDAA2064706,N,Y,39.1436193,-76.6830813
MLS Listing,,Single Family Residential,1611 Colony Rd,Pasadena,MD,21122,458000,3,1.0,ROCK CREEK PARK,2282,22800,1958,11,201,,Active,,,https://www.redfin.com/MD/Pasadena/1611-Colony-Rd-21122/home/10280954,BRIGHT MLS,MDAA2063614,N,Y,39.1441702,-76.4926583
MLS Listing,,Single Family Residential,248 Elkton S,Laurel,MD,20724,458000,5,3.0,MARYLAND CITY,2016,7076,1964,28,227,,Active,,,https://www.redfin.com/MD/Laurel/248-Elkton-S-20724/home/10347182,BRIGHT MLS,MDAA2062496,N,Y,39.0958999,-76.8188233
MLS Listing,,Single Family Residential,5778 Shady Side Rd,Churchton,MD,20733,459900,4,2.0,REGULARS,1500,55757,1964,4,307,,Pre On-Market,,,https://www.redfin.com/MD/Churchton/5778-Shady-Side-Rd-20733/home/10459516,BRIGHT MLS,MDAA2064844,N,Y,38.816555,-76.5253055
MLS Listing,,Single Family Residential,3361 Glebe Dr,Edgewater,MD,21037,459900,4,2.0,GLEBE HEIGHTS,1632,13618,1959,6,282,,Pre On-Market,,,https://www.redfin.com/MD/Edgewater/3361-Glebe-Dr-21037/home/9874058,BRIGHT MLS,MDAA2064718,N,Y,38.9251875,-76.5402205
MLS Listing,,Single Family Residential,8056 Outing Ave,Pasadena,MD,21122,460000,4,2.5,GREEN HAVEN,2208,5000,2017,26,208,,Active,,,https://www.redfin.com/MD/Pasadena/8056-Outing-Ave-21122/home/11223934,BRIGHT MLS,MDAA2061708,N,Y,39.127804,-76.5491054
MLS Listing,,Single Family Residential,407 Lily Brook Ct,Pasadena,MD,21122,465000,3,2.0,SANDY OAKS,1870,7839,1995,73,249,,Active,,,https://www.redfin.com/MD/Pasadena/407-Lily-Brook-Ct-21122/home/10284972,BRIGHT MLS,MDAA2059462,N,Y,39.1382615,-76.5695577
MLS Listing,,Single Family Residential,610 Laurel Dr,Pasadena,MD,21122,465000,3,2.0,LAUREL ACRES,1579,7500,1959,18,294,,Active,,,https://www.redfin.com/MD/Pasadena/610-Laurel-Dr-21122/home/10254843,BRIGHT MLS,MDAA2063718,N,Y,39.0970447,-76.5195356
MLS Listing,,Single Family Residential,843 Spa Rd,Annapolis,MD,21401,469000,3,2.0,REGULARS,1716,7430,1955,1,273,,Pre On-Market,,,https://www.redfin.com/MD/Annapolis/843-Spa-Rd-21401/home/10439630,BRIGHT MLS,MDAA2064996,N,Y,38.974858,-76.5075996
MLS Listing,,Single Family Residential,4639 Mountain Rd,Pasadena,MD,21122,470000,4,3.0,BOULEVARD PARK,2008,19375,1993,20,234,,Active,,,https://www.redfin.com/MD/Pasadena/4639-Mountain-Rd-21122/home/10165466,BRIGHT MLS,MDAA2063008,N,Y,39.1059793,-76.4787922
MLS Listing,,Townhouse,603 Baystone Ct,Annapolis,MD,21409,470000,3,2.5,COLLEGE PARKWAY PLACE,2200,1600,2001,9,214,137,Active,,,https://www.redfin.com/MD/Annapolis/603-Baystone-Ct-21409/home/10474696,BRIGHT MLS,MDAA2063320,N,Y,39.037091,-76.4637873
MLS Listing,,Single Family Residential,1775 Bennett Pl,Severn,MD,21144,473900,4,3.0,GRANDE VIEW PARK,1520,4000,2000,6,312,8,Pre On-Market,July-23-2023 11:00 AM,July-23-2023 11:30 AM,https://www.redfin.com/MD/Severn/1775-Bennett-Pl-21144/home/10333715,BRIGHT MLS,MDAA2064742,N,Y,39.1091125,-76.691934
MLS Listing,,Single Family Residential,8237 Highpoint,Clearwater Beach,MD,21226,474900,4,1.0,CLEARWATER BEACH,1834,5084,1950,60,259,,Active,,,https://www.redfin.com/MD/Clearwater-Beach/8237-Highpoint-Rd-21226/home/10216162,BRIGHT MLS,MDAA2060664,N,Y,39.1665253,-76.525633
MLS Listing,,Single Family Residential,325 Londontown Rd,Edgewater,MD,21037,474900,3,2.5,WOODLAND BEACH,1936,8020,1974,11,245,,Active,,,https://www.redfin.com/MD/Edgewater/325-Londontown-Rd-21037/home/9908672,BRIGHT MLS,MDAA2063702,N,Y,38.9313166,-76.5542644
MLS Listing,,Single Family Residential,7044 Boston Ave,Rose Haven,MD,20714,474950,2,1.5,ROSE HAVEN,1620,6500,1972,4,293,,Active,,,https://www.redfin.com/MD/Rose-Haven/7044-Boston-Ave-20714/home/10469937,BRIGHT MLS,MDAA2064500,N,Y,38.7232716,-76.5381431
MLS Listing,,Single Family Residential,Wolf Trap Unit CAROLINE VILLA,Glen Burnie,MD,21060,474990,3,2.5,TANYARD SHORES,1978,3369,2023,34,240,210,Active,,,https://www.redfin.com/MD/Glen-Burnie/Wolf-Trap-21060/unit-CAROLINE-VILLA/home/186033443,BRIGHT MLS,MDAA2062520,N,Y,39.17344915,-76.57790386
MLS Listing,,Single Family Residential,7196 Wolf Trap Unit CAROLINE VILLA,Glen Burnie,MD,21060,474990,3,2.5,TANYARD SHORES,1978,3369,2023,11,240,210,Active,,,https://www.redfin.com/MD/Glen-Burnie/7196-Wolf-Trap-21060/unit-CAROLINE-VILLA/home/186033462,BRIGHT MLS,MDAA2064316,N,Y,39.14596,-76.59025
MLS Listing,,Single Family Residential,7192 Wolf Trap Unit CAROLINE VILLA,Glen Burnie,MD,21060,474990,3,2.5,TANYARD SHORES,1978,3369,2023,11,240,210,Active,,,https://www.redfin.com/MD/Glen-Burnie/7192-Wolf-Trap-21060/unit-CAROLINE-VILLA/home/186033376,BRIGHT MLS,MDAA2064314,N,Y,39.14596,-76.59025
MLS Listing,,Single Family Residential,7711 Harmans Rd,Hanover,MD,21076,474990,4,2.0,HARMANS WOODS SOUTH,1619,7503,1985,53,293,,Active,,,https://www.redfin.com/MD/Hanover/7711-Harmans-Rd-21076/home/10335895,BRIGHT MLS,MDAA2061214,N,Y,39.1431328,-76.7112724
MLS Listing,,Single Family Residential,1556 Dennis Rd,Shady Side,MD,20764,475000,4,2.5,REGULARS,2600,43560,1949,96,183,,Active,,,https://www.redfin.com/MD/Shady-Side/1556-Dennis-Rd-20764/home/10459191,BRIGHT MLS,MDAA2052684,N,Y,38.8250324,-76.5009931
MLS Listing,,Townhouse,7050 Ingrahm Dr,Glen Burnie,MD,21060,475000,3,3.0,TANYARD SPRINGS,2473,1781,2010,11,192,93,Active,,,https://www.redfin.com/MD/Glen-Burnie/7050-Ingrahm-Dr-21060/home/18987799,BRIGHT MLS,MDAA2063976,N,Y,39.1718303,-76.5625934
MLS Listing,,Single Family Residential,1104 Oak View Dr,Crownsville,MD,21032,475000,3,2.0,SUNRISE BEACH,1622,15500,1965,1,293,,Pre On-Market,July-22-2023 11:00 AM,July-22-2023 01:00 PM,https://www.redfin.com/MD/Crownsville/1104-Oak-View-Dr-21032/home/10065772,BRIGHT MLS,MDAA2065028,N,Y,39.07123,-76.5985087
MLS Listing,,Single Family Residential,5707 Lowell St,Brooklyn,MD,21225,475000,4,2.5,ROLAND TERRACE,1891,15080,2023,7,251,,Active,,,https://www.redfin.com/MD/Brooklyn/5707-Lowell-St-21225/home/10424694,BRIGHT MLS,MDAA2063792,N,Y,39.2165635,-76.6020705
MLS Listing,,Single Family Residential,7704 Zena Marie Ln,Pasadena,MD,21122,475000,3,2.5,GREEN HAVEN,1781,8478,2012,1,267,,Pre On-Market,July-23-2023 12:00 PM,July-23-2023 02:00 PM,https://www.redfin.com/MD/Pasadena/7704-Zena-Marie-Ln-21122/home/40383716,BRIGHT MLS,MDAA2065074,N,Y,39.1414817,-76.5428849
MLS Listing,,Single Family Residential,1368 Galloway Rd,Odenton,MD,21113,475000,4,3.0,REGULARS,1540,12686,1940,54,308,,Active,,,https://www.redfin.com/MD/Odenton/1368-Galloway-Rd-21113/home/10317699,BRIGHT MLS,MDAA2060866,N,Y,39.0748714,-76.7052445
MLS Listing,,Single Family Residential,16 North Carolina Ave,Pasadena,MD,21122,475000,3,2.5,BOULEVARD PARK,1582,11500,1972,3,300,,Active,,,https://www.redfin.com/MD/Pasadena/16-North-Carolina-Ave-21122/home/10167356,BRIGHT MLS,MDAA2064806,N,Y,39.1051122,-76.4797372
MLS Listing,,Townhouse,460 Cranes Roost Ct,Annapolis,MD,21409,477700,3,2.5,WOODS LANDING,2342,3890,1984,4,204,125,Pre On-Market,August-5-2023 11:00 AM,August-5-2023 01:00 PM,https://www.redfin.com/MD/Annapolis/460-Cranes-Roost-Ct-21409/home/10312680,BRIGHT MLS,MDAA2056582,N,Y,39.0311484,-76.4344127
MLS Listing,,Single Family Residential,1410 Spring Plow Ct,Severn,MD,21144,479900,3,3.0,GRAHAM FARM,1900,1900,1999,1,253,10,Active,,,https://www.redfin.com/MD/Severn/1410-Spring-Plow-Ct-21144/home/10333114,BRIGHT MLS,MDAA2065134,N,Y,39.1385679,-76.7041364
MLS Listing,,Vacant Land,925 S Wieker Rd,Severn,MD,21144,480000,,,REGULARS,,261360,,80,,,Active,,,https://www.redfin.com/MD/Severn/925-S-Wieker-Rd-21144/home/10319708,BRIGHT MLS,MDAA2059008,N,Y,39.141816,-76.680705
MLS Listing,,Vacant Land,5710 Iron Stone Rd,Lothian,MD,20711,480000,,,THE VINEYARD,,679100,,141,,133,Active,,,https://www.redfin.com/MD/Lothian/5710-Iron-Stone-Rd-20711/home/11224106,BRIGHT MLS,MDAA2046762,N,Y,38.777401,-76.61086
MLS Listing,,Townhouse,2603 Waltham Ct,Crofton,MD,21114,484000,3,3.0,WALDEN,2089,1760,1993,11,232,72,Active,,,https://www.redfin.com/MD/Crofton/2603-Waltham-Ct-21114/home/10092249,BRIGHT MLS,MDAA2063146,N,Y,39.0219901,-76.6807714
MLS Listing,,Single Family Residential,829 Fernhill Rd,Clearwater Beach,MD,21226,484900,4,3.5,CLEARWATER BEACH,2100,5563,2023,40,231,,Active,July-22-2023 10:00 AM,July-22-2023 11:00 AM,https://www.redfin.com/MD/Clearwater-Beach/829-Fernhill-Rd-21226/home/178544262,BRIGHT MLS,MDAA2061974,N,Y,39.169421,-76.527039
MLS Listing,,Single Family Residential,"7190 Wolf Trap Unit CAROLINE VILLA, EOG",Glen Burnie,MD,21060,484990,3,2.5,TANYARD SHORES,1978,3369,2023,11,245,210,Active,,,https://www.redfin.com/MD/Glen-Burnie/7190-Wolf-Trap-21060/unit-CAROLINE-VILLA-EOG/home/186033330,BRIGHT MLS,MDAA2064322,N,Y,39.14596,-76.59025
MLS Listing,,Single Family Residential,1211 Steamboat Rd,Shady Side,MD,20764,484990,4,2.0,AVALON SHORES,1782,10000,1991,27,272,,Active,,,https://www.redfin.com/MD/Shady-Side/1211-Steamboat-Rd-20764/home/10463211,BRIGHT MLS,MDAA2062084,N,Y,38.8412291,-76.5233295
MLS Listing,,Single Family Residential,7854 Linden Leaf Rd,Severn,MD,21144,485000,3,1.0,ELMHURST,1758,27750,1966,5,276,,Active,,,https://www.redfin.com/MD/Severn/7854-Linden-Leaf-Rd-21144/home/10329520,BRIGHT MLS,MDAA2063776,N,Y,39.1396925,-76.6611018
MLS Listing,,Single Family Residential,815 Danza Rd,Severn,MD,21144,485000,4,2.5,DANZA VILLAGE,2070,16965,1972,32,234,,Active,,,https://www.redfin.com/MD/Severn/815-Danza-Rd-21144/home/10328390,BRIGHT MLS,MDAA2062494,N,Y,39.1328562,-76.6665609
MLS Listing,,Single Family Residential,729 Annapolis Neck Rd,Annapolis,MD,21403,485000,4,2.0,REGULARS,1356,47045,1940,346,358,,Active,,,https://www.redfin.com/MD/Annapolis/729-Annapolis-Neck-Rd-21403/home/12524334,BRIGHT MLS,MDAA2041754,N,Y,38.951552,-76.500083
MLS Listing,,Townhouse,822 Orchard Tree Rd,Odenton,MD,21113,489000,3,2.5,PINEY ORCHARD,2542,,2018,6,192,250,Active,,,https://www.redfin.com/MD/Odenton/822-Orchard-Tree-Rd-21113/home/165845128,BRIGHT MLS,MDAA2064602,N,Y,39.06685,-76.716886
MLS Listing,,Single Family Residential,7727 Mellow Ct,Hanover,MD,21076,489900,4,3.5,HARMANS WOODS,1982,7395,1983,6,247,,Pre On-Market,,,https://www.redfin.com/MD/Hanover/7727-Mellow-Ct-21076/home/10336178,BRIGHT MLS,MDAA2064472,N,Y,39.1429852,-76.7077896
MLS Listing,,Vacant Land,1000 San Remo Ct,Davidsonville,MD,21035,489990,,,CARRIAGE ESTATES,,181210,,416,,100,Active,,,https://www.redfin.com/MD/Davidsonville/1000-San-Remo-Ct-21035/home/9948786,BRIGHT MLS,MDAA2035022,N,Y,38.976425,-76.634529
MLS Listing,,Single Family Residential,8031 Jumpers Hole Rd,Pasadena,MD,21122,489999,4,3.0,WOODHOLME,1020,8400,1940,1,480,,Active,,,https://www.redfin.com/MD/Pasadena/8031-Jumpers-Hole-Rd-21122/home/10310957,BRIGHT MLS,MDAA2064282,N,Y,39.1300928,-76.5868559
MLS Listing,,Condo/Co-op,1515 Enyart Way #303,Annapolis,MD,21409,490000,2,2.0,FOUR SEASONS AT ST. MARGARETS CONDO,1516,,2006,5,323,335,Pre On-Market,,,https://www.redfin.com/MD/Annapolis/1515-Enyart-Way-21409/unit-303/home/11750566,BRIGHT MLS,MDAA2064834,N,Y,39.02858,-76.4456888
MLS Listing,,Single Family Residential,227 Atlanta Rd,Pasadena,MD,21122,495000,4,3.0,ROCK CREEK ESTATES,1983,4500,1970,5,250,,Active,,,https://www.redfin.com/MD/Pasadena/227-Atlanta-Rd-21122/home/10283153,BRIGHT MLS,MDAA2064572,N,Y,39.1599273,-76.5017715
MLS Listing,,Vacant Land,Crystal Springs Blvd,Glen Burnie,MD,21061,495000,,,CRYSTAL SPRINGS PARK,,19602,,751,,,Active,,,https://www.redfin.com/MD/Glen-Burnie/Crystal-Spring-Blvd-21061/home/181421941,BRIGHT MLS,MDAA2001546,N,Y,39.15316121,-76.66850689
MLS Listing,,Single Family Residential,4727 Frederick Ave,Shady Side,MD,20764,499000,5,3.0,IDLEWILDE,2220,12160,1965,6,225,,Pre On-Market,,,https://www.redfin.com/MD/Shady-Side/4727-Frederick-Ave-20764/home/10466625,BRIGHT MLS,MDAA2061976,N,Y,38.8505945,-76.4981697
MLS Listing,,Single Family Residential,1808 Severn Hills Ln,Severn,MD,21144,499000,5,3.5,SEVERN HILLS,1680,7016,1992,9,297,10,Active,,,https://www.redfin.com/MD/Severn/1808-Severn-Hills-Ln-21144/home/10379111,BRIGHT MLS,MDAA2064404,N,Y,39.1334549,-76.709323
MLS Listing,,Condo/Co-op,2104 E Chesapeake Harbour Dr #101,Annapolis,MD,21403,499900,2,2.0,VLG OF CHESAPEAKE HARBOR,1254,,1985,10,399,662,Active,,,https://www.redfin.com/MD/Annapolis/2104-Chesapeake-Harbour-Dr-21403/unit-101/home/10088991,BRIGHT MLS,MDAA2064408,N,Y,38.9586985,-76.4725653
MLS Listing,,Single Family Residential,7823 Jude Ln,Glen Burnie,MD,21061,499900,4,2.5,GLEN BURNIE,,3221,2023,86,,67,Active,,,https://www.redfin.com/MD/Glen-Burnie/7823-Jude-Ln-21061/home/184597418,BRIGHT MLS,MDAA2058594,N,Y,39.14125,-76.61621
MLS Listing,,Single Family Residential,206 Catalfa Ave,Pasadena,MD,21122,499900,3,3.0,PASADENA,1778,7500,1953,11,281,,Active,,,https://www.redfin.com/MD/Pasadena/206-Catalfa-Ave-21122/home/10270173,BRIGHT MLS,MDAA2064384,N,Y,39.1066054,-76.5704741
MLS Listing,,Single Family Residential,7860 Outing Ave,Pasadena,MD,21122,499900,4,3.5,GREEN HAVEN,1117,4800,2023,7,448,,Pre On-Market,,,https://www.redfin.com/MD/Pasadena/7860-Outing-Ave-21122/home/10240504,BRIGHT MLS,MDAA2064612,N,Y,39.1347707,-76.5483791
MLS Listing,,Single Family Residential,906 Severn Ave,Edgewater,MD,21037,499900,6,3.0,SELBY ON THE BAY,2951,20000,1955,38,169,,Active,,,https://www.redfin.com/MD/Edgewater/906-Severn-Ave-21037/home/9890503,BRIGHT MLS,MDAA2062212,N,Y,38.9079082,-76.5163512
MLS Listing,,Vacant Land,Vinter Ln,Pasadena,MD,21122,499900,,,ANNESLEY BY THE BAY,,118918,,186,,165,Active,,,https://www.redfin.com/MD/Pasadena/Vinter-LN-21122/home/184290963,BRIGHT MLS,MDAA2051688,N,Y,39.14962868,-76.50074634
New Construction Plan,,Townhouse,Chesapeake,Hanover,MD,21076,499990,3,2.5,The Ridge,1863,,,,268,,Active,,,https://www.redfin.com/MD/Hanover/The-Ridge/Chesapeake/home/177511848,NewHomeSource.com,Plan-241841221,N,Y,39.1932475,-76.7030775
New Construction Plan,,Townhouse,Eagleton,Laurel,MD,20724,499990,3,2.0,Watershed,2028,,,,247,,Active,,,https://www.redfin.com/MD/Laurel/Watershed/Eagleton/home/177852548,NewHomeSource.com,Plan-231941617,N,Y,39.092699,-76.786359
MLS Listing,,Townhouse,1612 Aster Ln,Hanover,MD,21076,499990,3,2.5,THE RIDGES,1863,6200,2022,28,268,95,Active,,,https://www.redfin.com/MD/Hanover/1612-Aster-Ln-21076/home/171076871,BRIGHT MLS,MDAA2062954,N,Y,39.195008,-76.704821
MLS Listing,,Vacant Land,2033 Rosetta Way,Davidsonville,MD,21035,499990,,,CARRIAGE ESTATES,,218236,,3,,100,Active,,,https://www.redfin.com/MD/Davidsonville/2033-Rosetta-Way-21035/home/9948899,BRIGHT MLS,MDAA2064982,N,Y,38.972085,-76.636019
MLS Listing,,Townhouse,3469 Tidal Marsh Way,Laurel,MD,20724,499990,3,2.5,ARUNDEL GATEWAY,2028,2038,2023,3,247,110,Active,,,https://www.redfin.com/MD/Laurel/3469-Tidal-Marsh-WAY-Unknown/home/186116342,BRIGHT MLS,MDAA2064968,N,Y,39.08943072,-76.78866924
MLS Listing,,Vacant Land,7879 Ritchie Hwy,Glen Burnie,MD,21061,500000,,,GERARD PLAZA,,19050,,7,,,Active,,,https://www.redfin.com/MD/Glen-Burnie/7879-Ritchie-Hwy-21061/home/10235693,BRIGHT MLS,MDAA2064658,N,Y,39.141241,-76.602722
MLS Listing,,Townhouse,1017 Meandering Way,Odenton,MD,21113,500000,3,2.5,PINEY ORCHARD,2548,1980,2003,6,196,131,Active,,,https://www.redfin.com/MD/Odenton/1017-Meandering-Way-21113/home/10475347,BRIGHT MLS,MDAA2063684,N,Y,39.0536628,-76.7048429
MLS Listing,,Single Family Residential,696 207th St,Pasadena,MD,21122,500000,4,2.5,GREEN HAVEN,2216,5000,2023,89,226,,Active,,,https://www.redfin.com/MD/Pasadena/696-207th-St-21122/home/10242653,BRIGHT MLS,MDAA2055940,N,Y,39.138274,-76.551682
MLS Listing,,Vacant Land,7642 Spencer Rd,Glen Burnie,MD,21060,500000,,,REGULARS,,111949,,14,,,Active,,,https://www.redfin.com/MD/Glen-Burnie/7642-Spencer-Rd-21060/home/10111816,BRIGHT MLS,MDAA2063758,N,Y,39.1531568,-76.587404
MLS Listing,,Townhouse,2635 Twin Birch Rd,Hanover,MD,21076,500000,3,3.0,POINTE AT ARUNDEL PRESERVE,2400,1280,2013,19,208,139,Active,,,https://www.redfin.com/MD/Hanover/2635-Twin-Birch-Rd-21076/home/44628094,BRIGHT MLS,MDAA2063276,N,Y,39.1444493,-76.7483652
MLS Listing,,Vacant Land,7877 Ritchie Hwy,Glen Burnie,MD,21061,500000,,,GERARD PLAZA,,7500,,7,,,Active,,,https://www.redfin.com/MD/Glen-Burnie/7877-Ritchie-Hwy-21061/home/10235755,BRIGHT MLS,MDAA2064656,N,Y,39.1414479,-76.602834
MLS Listing,,Townhouse,620 Snow Goose Ln,Annapolis,MD,21409,500000,4,3.0,WOODS LANDING,2740,2329,2000,11,182,89,Pre On-Market,July-23-2023 10:00 AM,July-23-2023 12:00 PM,https://www.redfin.com/MD/Annapolis/620-Snow-Goose-Ln-21409/home/10312856,BRIGHT MLS,MDAA2064378,N,Y,39.033383,-76.435936
MLS Listing,,Townhouse,913 Hope Ct,Severn,MD,21144,504990,3,2.5,Severn,2202,1500,2023,347,229,120,Active,,,https://www.redfin.com/MD/Severn/913-Hope-CT-21144/home/180888622,BRIGHT MLS,MDAA2041834,N,Y,39.13768961,-76.68653744
New Construction Plan,,Townhouse,Easton,Severn,MD,21144,504990,3,2.5,Severn Crossroads,2202,,,,229,,Active,,,https://www.redfin.com/MD/Severn/Severn-Crossroads/Easton/home/180695421,NewHomeSource.com,Plan-242190025,N,Y,39.138323,-76.686455
MLS Listing,,Single Family Residential,7831 Jude Ln,Glen Burnie,MD,21061,509900,4,2.5,GLEN BURNIE,,3221,2023,167,,,Active,,,https://www.redfin.com/MD/Glen-Burnie/7831-Jude-Ln-21061/home/184084243,BRIGHT MLS,MDAA2052582,N,Y,39.14079,-76.61619
MLS Listing,,Townhouse,636 Cross Chase Dr,Millersville,MD,21108,510000,3,2.5,WATSONS GLEN,2026,1897,2020,3,252,80,Pre On-Market,,,https://www.redfin.com/MD/Millersville/636-Cross-Chase-Dr-21108/home/105415228,BRIGHT MLS,MDAA2064884,N,Y,39.1108189,-76.6303394
MLS Listing,,Single Family Residential,7040 Dover Ave,North Beach,MD,20714,510000,3,2.0,ROSE HAVEN,2150,13250,1973,9,237,,Pre On-Market,,,https://www.redfin.com/MD/North-Beach/7040-Dover-Ave-20714/home/10470086,BRIGHT MLS,MDAA2064270,N,Y,38.7217302,-76.540085
MLS Listing,,Townhouse,7933 Silver Oak Rd,Hanover,MD,21076,510000,3,3.0,POINTE AT ARUNDEL PRESERVE,2080,1280,2013,148,245,138,Active,,,https://www.redfin.com/MD/Hanover/7933-Silver-Oak-Rd-21076/home/44627990,BRIGHT MLS,MDAA2052540,N,Y,39.1425921,-76.7505829
MLS Listing,,Townhouse,,Hanover,MD,21076,514990,3,2.5,PARKSIDE,2285,,2023,57,225,100,Active,,,https://www.redfin.com/MD/Hanover/Undisclosed-address-21076/home/185488739,BRIGHT MLS,MDAA2060752,N,Y,39.1294349,-76.7574205
MLS Listing,,Single Family Residential,7530 Old Stage Rd,Glen Burnie,MD,21061,514999,3,2.0,REGULARS,1396,27996,1997,54,369,,Active,,,https://www.redfin.com/MD/Glen-Burnie/7530-Old-Stage-Rd-21061/home/10322753,BRIGHT MLS,MDAA2060444,N,Y,39.1542709,-76.6432341
MLS Listing,,Single Family Residential,8214 Elvaton Dr,Pasadena,MD,21122,515000,4,3.5,REGULARS,2145,9900,2001,7,240,,Active,,,https://www.redfin.com/MD/Pasadena/8214-Elvaton-Dr-21122/home/10471000,BRIGHT MLS,MDAA2064514,N,Y,39.1180857,-76.5804558
MLS Listing,,Single Family Residential,3709 Nile Rd,Davidsonville,MD,21035,519500,3,2.0,PATUXENT MANOR,1859,87686,1974,33,279,,Active,,,https://www.redfin.com/MD/Davidsonville/3709-Nile-Rd-21035/home/9883905,BRIGHT MLS,MDAA2061946,N,Y,38.9189513,-76.6704859
MLS Listing,,Townhouse,227 Mill Crossing Ct,Harmans,MD,21077,519900,3,3.5,HARMANS PRESERVE,2655,2369,2017,1,196,110,Pre On-Market,,,https://www.redfin.com/MD/Harmans/227-Mill-Crossing-Ct-21077/home/110085903,BRIGHT MLS,MDAA2065010,N,Y,39.1502919,-76.7049144
MLS Listing,,Single Family Residential,12 Acorn Dr,Annapolis,MD,21401,519900,4,1.0,REGULARS,1680,13489,1954,12,309,,Active,,,https://www.redfin.com/MD/Annapolis/12-Acorn-Dr-21401/home/10474116,BRIGHT MLS,MDAA2064164,N,Y,38.9988958,-76.5111342
MLS Listing,,Townhouse,211 Jenkins Way,Glen Burnie,MD,21061,522092,4,3.5,TOWNS AT PARKE WEST,2080,2073,2022,27,251,100,Active,,,https://www.redfin.com/MD/Glen-Burnie/211-Jenkins-Way-21061/home/171069820,BRIGHT MLS,MDAA2063062,N,Y,39.1405616,-76.6491884
MLS Listing,,Townhouse,,Hanover,MD,21076,522990,3,2.5,PARKSIDE,2285,,2023,34,229,100,Active,,,https://www.redfin.com/MD/Hanover/Undisclosed-address-21076/home/184725974,BRIGHT MLS,MDAA2062542,N,Y,39.1293,-76.7572
MLS Listing,,Single Family Residential,1046 Springhill Way,Gambrills,MD,21054,525000,4,2.0,FOUR SEASONS ESTATES,2232,6867,1972,5,235,,Active,July-23-2023 12:00 PM,July-23-2023 02:00 PM,https://www.redfin.com/MD/Gambrills/1046-Springhill-Way-21054/home/10330317,BRIGHT MLS,MDAA2063862,N,Y,39.0487545,-76.6888685
MLS Listing,,Single Family Residential,1838 Crofton Pkwy,Crofton,MD,21114,525000,3,2.0,CROFTON PARK,1595,10320,1972,21,329,,Active,,,https://www.redfin.com/MD/Crofton/1838-Crofton-Pkwy-21114/home/9980433,BRIGHT MLS,MDAA2063278,N,Y,38.9983503,-76.6798692
MLS Listing,,Single Family Residential,1732 Shady Side Dr,Edgewater,MD,21037,525000,3,2.0,WOODLAND BEACH,1696,6000,1980,26,310,,Active,,,https://www.redfin.com/MD/Edgewater/1732-Shady-Side-Dr-21037/home/9912634,BRIGHT MLS,MDAA2057960,N,Y,38.9312111,-76.5533613
MLS Listing,,Single Family Residential,1274 Green Holly Dr,Annapolis,MD,21409,525000,3,2.0,GREENHOLLY,1292,8614,1987,5,406,,Pre On-Market,,,https://www.redfin.com/MD/Annapolis/1274-Green-Holly-Dr-21409/home/10246225,BRIGHT MLS,MDAA2063796,N,Y,39.036743,-76.4570995
MLS Listing,,Single Family Residential,200 Hawthorne Rd,Linthicum Heights,MD,21090,525000,5,2.0,PARDEE,2238,12180,1945,25,235,,Active,,,https://www.redfin.com/MD/Linthicum-Heights/200-Hawthorne-Rd-21090/home/10421480,BRIGHT MLS,MDAA2062776,N,Y,39.2035549,-76.6554463
MLS Listing,,Single Family Residential,7955 Andorick Dr,Severn,MD,21144,525000,3,1.5,SEVERNSIDES,1520,20055,1966,59,345,,Active,,,https://www.redfin.com/MD/Severn/7955-Andorick-Dr-21144/home/10379910,BRIGHT MLS,MDAA2059904,N,Y,39.1331889,-76.6901089
